fechas,Sunspots,YJ_transformed_sunspots
1749-01-01,58.0,9.237948465620732
1749-02-01,62.6,9.56589434625191
1749-03-01,70.0,10.06291497526746
1749-04-01,55.7,9.067795733119542
1749-05-01,85.0,10.976605965610966
1749-06-01,83.5,10.890085885472212
1749-07-01,94.8,11.519334981179568
1749-08-01,66.3,9.818790938591622
1749-09-01,75.9,10.435842010647162
1749-10-01,75.5,10.411151223215128
1749-11-01,158.6,14.390771624260317
1749-12-01,85.2,10.988068609400496
1750-01-01,73.3,10.273849008681955
1750-02-01,75.9,10.435842010647162
1750-03-01,89.2,11.213823906136971
1750-04-01,88.3,11.163597982210531
1750-05-01,90.0,11.258199881771647
1750-06-01,100.0,11.79292248222855
1750-07-01,85.4,10.999514198822688
1750-08-01,103.0,11.946667198293468
1750-09-01,91.2,11.324296869169777
1750-10-01,65.7,9.77839759291142
1750-11-01,63.3,9.61445027374827
1750-12-01,75.4,10.404965587319102
1751-01-01,70.0,10.06291497526746
1751-02-01,43.5,8.081802958215262
1751-03-01,45.3,8.237372181121422
1751-04-01,56.4,9.120042912397578
1751-05-01,60.7,9.432346483869978
1751-06-01,50.7,8.681982741136547
1751-07-01,66.3,9.818790938591622
1751-08-01,59.8,9.368164819265786
1751-09-01,23.5,5.988663732120292
1751-10-01,23.2,5.949994172402845
1751-11-01,28.5,6.592723760652936
1751-12-01,44.0,8.125415621680027
1752-01-01,35.0,7.286651193034445
1752-02-01,50.0,8.626084230556398
1752-03-01,71.0,10.127486940667474
1752-04-01,59.3,9.332244587888262
1752-05-01,59.7,9.36099598018098
1752-06-01,39.6,7.730311498535172
1752-07-01,78.4,10.588322536809585
1752-08-01,29.3,6.68311460033765
1752-09-01,27.1,6.430676991758532
1752-10-01,46.6,8.347329197653856
1752-11-01,37.6,7.54160223004516
1752-12-01,40.0,7.767333204901581
1753-01-01,44.0,8.125415621680027
1753-02-01,32.0,6.977333855807987
1753-03-01,45.7,8.271413822998465
1753-04-01,38.0,7.579837533448391
1753-05-01,36.0,7.3860651954829635
1753-06-01,31.7,6.94542435970269
1753-07-01,22.2,5.81882864038132
1753-08-01,39.0,7.674337463936111
1753-09-01,28.0,6.535428083561167
1753-10-01,25.0,6.177588309755908
1753-11-01,20.0,5.516918359789587
1753-12-01,6.7,3.0083437768313805
1754-01-01,0.0,0.0
1754-02-01,3.0,1.7953984816387305
1754-03-01,1.7,1.1929472758318471
1754-04-01,13.7,4.520288387434367
1754-05-01,20.7,5.615094729463352
1754-06-01,26.7,6.38342941763253
1754-07-01,18.8,5.343609342976042
1754-08-01,12.3,4.262765013678464
1754-09-01,8.2,3.3902037772882303
1754-10-01,24.1,6.065100798439392
1754-11-01,13.2,4.430199048682982
1754-12-01,4.2,2.2474389173292515
1755-01-01,10.2,3.841559534635019
1755-02-01,11.2,4.047933454448507
1755-03-01,6.8,3.03521661614333
1755-04-01,6.5,2.9539185012899667
1755-05-01,0.0,0.0
1755-06-01,0.0,0.0
1755-07-01,8.6,3.485179220540611
1755-08-01,3.2,1.8762773263179382
1755-09-01,17.8,5.1939605080814015
1755-10-01,23.7,6.014274909217444
1755-11-01,6.8,3.03521661614333
1755-12-01,20.0,5.516918359789587
1756-01-01,12.5,4.300586602413947
1756-02-01,7.1,3.114532066737756
1756-03-01,5.4,2.6365627383179016
1756-04-01,9.4,3.6677722875318635
1756-05-01,12.5,4.300586602413947
1756-06-01,12.9,4.375164659293523
1756-07-01,3.6,2.0309082005289416
1756-08-01,6.4,2.926356134057084
1756-09-01,11.8,4.166586131997811
1756-10-01,14.3,4.625836703827817
1756-11-01,17.0,5.070520118918722
1756-12-01,9.4,3.6677722875318635
1757-01-01,14.1,4.590953897324071
1757-02-01,21.2,5.6839828093915505
1757-03-01,26.2,6.323750117272262
1757-04-01,30.0,6.760958437189743
1757-05-01,38.1,7.589357001239495
1757-06-01,12.8,4.356650629857526
1757-07-01,25.0,6.177588309755908
1757-08-01,51.3,8.72951043587572
1757-09-01,39.7,7.739588790827028
1757-10-01,32.5,7.030105219681964
1757-11-01,64.7,9.71055394818207
1757-12-01,33.5,7.134150864871977
1758-01-01,37.6,7.54160223004516
1758-02-01,52.0,8.784519243282254
1758-03-01,49.0,8.545368522879992
1758-04-01,72.3,10.210575806516323
1758-05-01,46.4,8.330539246065602
1758-06-01,45.0,8.211716897240478
1758-07-01,44.0,8.125415621680027
1758-08-01,38.7,7.646148247913488
1758-09-01,62.5,9.558929834404085
1758-10-01,37.7,7.551184804070214
1758-11-01,43.0,8.03787468367778
1758-12-01,43.0,8.03787468367778
1759-01-01,48.3,8.488249165830174
1759-02-01,44.0,8.125415621680027
1759-03-01,46.8,8.364073938706607
1759-04-01,47.0,8.380773779367237
1759-05-01,49.0,8.545368522879992
1759-06-01,50.0,8.626084230556398
1759-07-01,51.0,8.705790578935892
1759-08-01,71.3,10.146746204464621
1759-09-01,77.2,10.515522418807317
1759-10-01,59.7,9.36099598018098
1759-11-01,46.3,8.322127218455744
1759-12-01,57.0,9.164501723427438
1760-01-01,67.3,9.885602736278955
1760-02-01,59.5,9.3466355324685
1760-03-01,74.7,10.361519966721572
1760-04-01,58.3,9.259826542024864
1760-05-01,72.0,10.191485916455136
1760-06-01,48.3,8.488249165830174
1760-07-01,66.0,9.798623282500573
1760-08-01,75.6,10.417331672403309
1760-09-01,61.3,9.47480115418008
1760-10-01,50.6,8.674027099135799
1760-11-01,59.7,9.36099598018098
1760-12-01,61.0,9.453606776033599
1761-01-01,70.0,10.06291497526746
1761-02-01,91.0,11.313319201273458
1761-03-01,80.7,10.725906604516718
1761-04-01,71.7,10.172345615188531
1761-05-01,107.2,12.15720074476572
1761-06-01,99.3,11.756628243150114
1761-07-01,94.1,11.481783953654034
1761-08-01,91.1,11.318809947457268
1761-09-01,100.7,11.829055655125362
1761-10-01,88.7,11.185960530080006
1761-11-01,89.7,11.241588340630928
1761-12-01,46.0,8.296822453346905
1762-01-01,43.8,8.108008058667677
1762-02-01,72.8,10.24228118219049
1762-03-01,45.7,8.271413822998465
1762-04-01,60.2,9.396764753612917
1762-05-01,39.9,7.758099585432501
1762-06-01,77.1,10.509423471335422
1762-07-01,33.8,7.164986459118492
1762-08-01,67.7,9.912151663821117
1762-09-01,68.5,9.964953418455261
1762-10-01,69.3,10.017366563088581
1762-11-01,77.8,10.552011408701322
1762-12-01,77.2,10.515522418807317
1763-01-01,56.5,9.127473356090874
1763-02-01,31.9,6.966718118395468
1763-03-01,34.2,7.205836369018826
1763-04-01,32.9,7.071959522520086
1763-05-01,32.7,7.051072221613169
1763-06-01,35.8,7.366321602741075
1763-07-01,54.2,8.954427058927385
1763-08-01,26.5,6.359641326615563
1763-09-01,68.1,9.938601578134524
1763-10-01,46.3,8.322127218455744
1763-11-01,60.9,9.446527361643705
1763-12-01,61.4,9.481851389453263
1764-01-01,59.7,9.36099598018098
1764-02-01,59.7,9.36099598018098
1764-03-01,40.2,7.785757178236642
1764-04-01,34.4,7.226149672727555
1764-05-01,44.3,8.151434119998875
1764-06-01,30.0,6.760958437189743
1764-07-01,30.0,6.760958437189743
1764-08-01,30.0,6.760958437189743
1764-09-01,28.2,6.558421848064155
1764-10-01,28.0,6.535428083561167
1764-11-01,26.0,6.299681296472563
1764-12-01,25.7,6.26336259026589
1765-01-01,24.0,6.052443340112651
1765-02-01,26.0,6.299681296472563
1765-03-01,25.0,6.177588309755908
1765-04-01,22.0,5.792162281580834
1765-05-01,20.2,5.545180357124567
1765-06-01,20.0,5.516918359789587
1765-07-01,27.0,6.418905771667049
1765-08-01,29.7,6.727736372077521
1765-09-01,16.0,4.9111634629482905
1765-10-01,14.0,4.573401237249711
1765-11-01,14.0,4.573401237249711
1765-12-01,13.0,4.393593410179508
1766-01-01,12.0,4.205342073750219
1766-02-01,11.0,4.007552020355664
1766-03-01,36.6,7.444888164814194
1766-04-01,6.0,2.8136507250654827
1766-05-01,26.8,6.395282144476125
1766-06-01,3.0,1.7953984816387305
1766-07-01,3.3,1.9157917738295651
1766-08-01,4.0,2.177133001278095
1766-09-01,4.3,2.2819422206931366
1766-10-01,5.0,2.5125005017214352
1766-11-01,5.7,2.7263793211849645
1766-12-01,19.2,5.402109968466642
1767-01-01,27.4,6.465830165102168
1767-02-01,30.0,6.760958437189743
1767-03-01,43.0,8.03787468367778
1767-04-01,32.9,7.071959522520086
1767-05-01,29.8,6.73883345001687
1767-06-01,33.3,7.113498091386816
1767-07-01,21.9,5.778773277018357
1767-08-01,40.8,7.840687077343121
1767-09-01,42.7,8.01136377456337
1767-10-01,44.1,8.134100788859696
1767-11-01,54.7,8.992433872547071
1767-12-01,53.3,8.885454195836598
1768-01-01,53.5,8.900844535394691
1768-02-01,66.1,9.805352261651137
1768-03-01,46.3,8.322127218455744
1768-04-01,42.7,8.01136377456337
1768-05-01,77.7,10.545942321993651
1768-06-01,77.4,10.5277053155662
1768-07-01,52.6,8.831299739607386
1768-08-01,66.8,9.852275885039997
1768-09-01,74.8,10.36774222395363
1768-10-01,77.8,10.552011408701322
1768-11-01,90.6,11.291317834988243
1768-12-01,111.8,12.381851824564896
1769-01-01,73.9,10.3115509687323
1769-02-01,64.2,9.676383441050769
1769-03-01,64.3,9.683230960822252
1769-04-01,96.7,11.620379680643364
1769-05-01,73.6,10.292724312904506
1769-06-01,94.4,11.497898897060564
1769-07-01,118.6,12.7034207330602
1769-08-01,120.3,12.781969823542424
1769-09-01,148.8,14.005075011237016
1769-10-01,158.2,14.37533109636119
1769-11-01,148.1,13.976912979025425
1769-12-01,112.0,12.391484774481286
1770-01-01,104.0,11.997282135780987
1770-02-01,142.5,13.748501197651965
1770-03-01,80.1,10.690257263728816
1770-04-01,51.0,8.705790578935892
1770-05-01,70.1,10.06939833180859
1770-06-01,83.3,10.878475607551799
1770-07-01,109.8,12.284913823710317
1770-08-01,126.3,13.053685907149676
1770-09-01,104.4,12.017441487809684
1770-10-01,103.6,11.977073440194252
1770-11-01,132.2,13.31297215944872
1770-12-01,102.3,11.911050630450312
1771-01-01,36.0,7.3860651954829635
1771-02-01,46.2,8.313703770336732
1771-03-01,46.7,8.355707200032693
1771-04-01,64.9,9.724175421430127
1771-05-01,152.7,14.160451854229251
1771-06-01,119.5,12.745094147798353
1771-07-01,67.7,9.912151663821117
1771-08-01,58.5,9.274372494057625
1771-09-01,101.4,11.86502957790258
1771-10-01,90.0,11.258199881771647
1771-11-01,99.7,11.777387637798784
1771-12-01,95.7,11.567357042490032
1772-01-01,100.9,11.839350090193365
1772-02-01,90.8,11.302326208163905
1772-03-01,31.1,6.881037228880347
1772-04-01,92.2,11.378957228452979
1772-05-01,38.0,7.579837533448391
1772-06-01,57.0,9.164501723427438
1772-07-01,77.3,10.521616363389127
1772-08-01,56.2,9.105157065685338
1772-09-01,50.5,8.66606155686996
1772-10-01,78.6,10.600387103066286
1772-11-01,61.3,9.47480115418008
1772-12-01,64.0,9.662668155617746
1773-01-01,54.6,8.9848500781396
1773-02-01,29.0,6.6493995853279
1773-03-01,51.2,8.72161354123796
1773-04-01,32.9,7.071959522520086
1773-05-01,41.1,7.86796240817423
1773-06-01,28.4,6.581314766620007
1773-07-01,27.7,6.5007458416457045
1773-08-01,12.7,4.338050304968266
1773-09-01,29.3,6.68311460033765
1773-10-01,26.3,6.335741953154491
1773-11-01,40.9,7.849792771493927
1773-12-01,43.2,8.055484241094732
1774-01-01,46.8,8.364073938706607
1774-02-01,65.4,9.758113440678079
1774-03-01,55.7,9.067795733119542
1774-04-01,43.8,8.108008058667677
1774-05-01,51.3,8.72951043587572
1774-06-01,28.5,6.592723760652936
1774-07-01,17.5,5.148072811013624
1774-08-01,6.6,2.9812460316123195
1774-09-01,7.9,3.317218674355057
1774-10-01,14.0,4.573401237249711
1774-11-01,17.7,5.1787171642627925
1774-12-01,12.2,4.243717251193794
1775-01-01,4.4,2.31603024224631
1775-02-01,0.0,0.0
1775-03-01,11.6,4.127439608641524
1775-04-01,11.2,4.047933454448507
1775-05-01,3.9,2.141301886547164
1775-06-01,12.3,4.262765013678464
1775-07-01,1.0,0.7868033360368882
1775-08-01,7.9,3.317218674355057
1775-09-01,3.2,1.8762773263179382
1775-10-01,5.6,2.696732591564068
1775-11-01,15.1,4.762514338717011
1775-12-01,7.9,3.317218674355057
1776-01-01,21.7,5.751882278415527
1776-02-01,11.6,4.127439608641524
1776-03-01,6.3,2.8985536969629497
1776-04-01,21.8,5.7653466996060585
1776-05-01,11.2,4.047933454448507
1776-06-01,19.0,5.372953511158692
1776-07-01,1.0,0.7868033360368882
1776-08-01,24.2,6.077725936860018
1776-09-01,16.0,4.9111634629482905
1776-10-01,30.0,6.760958437189743
1776-11-01,35.0,7.286651193034445
1776-12-01,40.0,7.767333204901581
1777-01-01,45.0,8.211716897240478
1777-02-01,36.5,7.435126381289086
1777-03-01,39.0,7.674337463936111
1777-04-01,95.5,11.55671034077466
1777-05-01,80.3,10.702159126401883
1777-06-01,80.7,10.725906604516718
1777-07-01,95.0,11.530031488618967
1777-08-01,112.0,12.391484774481286
1777-09-01,116.2,12.591298519520226
1777-10-01,106.5,12.122480589794982
1777-11-01,146.0,13.891914387272633
1777-12-01,157.3,14.340498651802628
1778-01-01,177.3,15.086534246890343
1778-02-01,109.3,12.260504151375317
1778-03-01,134.0,13.390605051562078
1778-04-01,145.0,13.85116484927311
1778-05-01,238.9,17.091993666744337
1778-06-01,171.6,14.879634771939028
1778-07-01,153.0,14.172298627449557
1778-08-01,140.0,13.644683256385218
1778-09-01,171.7,14.883302085400201
1778-10-01,156.3,14.301646559456861
1778-11-01,150.3,14.065139098736578
1778-12-01,105.0,12.047588667538147
1779-01-01,114.7,12.520472100344069
1779-02-01,165.7,14.660804000318448
1779-03-01,118.0,12.67552653734677
1779-04-01,145.0,13.85116484927311
1779-05-01,140.0,13.644683256385218
1779-06-01,113.7,12.472926527240483
1779-07-01,143.0,13.769125217072189
1779-08-01,112.0,12.391484774481286
1779-09-01,111.0,12.343210036541924
1779-10-01,124.0,12.950519945199067
1779-11-01,114.0,12.487218035513706
1779-12-01,110.0,12.2946578994179
1780-01-01,70.0,10.06291497526746
1780-02-01,98.0,11.688791003509092
1780-03-01,98.0,11.688791003509092
1780-04-01,95.0,11.530031488618967
1780-05-01,107.2,12.15720074476572
1780-06-01,88.0,11.14678385216469
1780-07-01,86.0,11.033749286550792
1780-08-01,86.0,11.033749286550792
1780-09-01,93.7,11.460246535144574
1780-10-01,77.0,10.503319510452625
1780-11-01,60.0,9.382479830217559
1780-12-01,58.7,9.288887103218192
1781-01-01,98.7,11.725389298718186
1781-02-01,74.7,10.361519966721572
1781-03-01,53.0,8.862300329307203
1781-04-01,68.3,9.951789699402042
1781-05-01,104.7,12.032528804953058
1781-06-01,97.7,11.673055180855952
1781-07-01,73.5,10.286437966082476
1781-08-01,66.0,9.798623282500573
1781-09-01,51.0,8.705790578935892
1781-10-01,27.3,6.454139033057934
1781-11-01,67.0,9.865625489979887
1781-12-01,35.2,7.306674459249306
1782-01-01,54.0,8.939162478414227
1782-02-01,37.5,7.5320037116477465
1782-03-01,37.0,7.4837695559278705
1782-04-01,41.0,7.858884530294276
1782-05-01,54.3,8.962046042060212
1782-06-01,38.0,7.579837533448391
1782-07-01,37.0,7.4837695559278705
1782-08-01,44.0,8.125415621680027
1782-09-01,34.0,7.185448863613793
1782-10-01,23.2,5.949994172402845
1782-11-01,31.5,6.9240468593485955
1782-12-01,30.0,6.760958437189743
1783-01-01,28.0,6.535428083561167
1783-02-01,38.7,7.646148247913488
1783-03-01,26.7,6.38342941763253
1783-04-01,28.3,6.569880842371008
1783-05-01,23.0,5.924043264170687
1783-06-01,25.2,6.202244929004983
1783-07-01,32.2,6.998503561844075
1783-08-01,20.0,5.516918359789587
1783-09-01,18.0,5.224291814325931
1783-10-01,8.0,3.341720084719867
1783-11-01,15.0,4.745671553705717
1783-12-01,10.5,3.904671892968572
1784-01-01,13.0,4.393593410179508
1784-02-01,8.0,3.341720084719867
1784-03-01,11.0,4.007552020355664
1784-04-01,10.0,3.798879636234685
1784-05-01,6.0,2.8136507250654827
1784-06-01,9.0,3.577647853142121
1784-07-01,6.0,2.8136507250654827
1784-08-01,10.0,3.798879636234685
1784-09-01,10.0,3.798879636234685
1784-10-01,8.0,3.341720084719867
1784-11-01,17.0,5.070520118918722
1784-12-01,14.0,4.573401237249711
1785-01-01,6.5,2.9539185012899667
1785-02-01,8.0,3.341720084719867
1785-03-01,9.0,3.577647853142121
1785-04-01,15.7,4.862187379979131
1785-05-01,20.7,5.615094729463352
1785-06-01,26.3,6.335741953154491
1785-07-01,36.3,7.415552582537453
1785-08-01,20.0,5.516918359789587
1785-09-01,32.0,6.977333855807987
1785-10-01,47.2,8.397429026369847
1785-11-01,40.2,7.785757178236642
1785-12-01,27.3,6.454139033057934
1786-01-01,37.2,7.5031118074014005
1786-02-01,47.6,8.430606949598745
1786-03-01,47.7,8.43887402940233
1786-04-01,85.4,10.999514198822688
1786-05-01,92.3,11.384402526032012
1786-06-01,59.0,9.310600625343492
1786-07-01,83.0,10.861027000396893
1786-08-01,89.7,11.241588340630928
1786-09-01,111.5,12.367381827016887
1786-10-01,112.3,12.405913706303188
1786-11-01,116.0,12.581888736694683
1786-12-01,112.7,12.42511419440321
1787-01-01,134.7,13.42061619514686
1787-02-01,106.0,12.097591555864081
1787-03-01,87.4,11.113046157990766
1787-04-01,127.2,13.093729507495315
1787-05-01,134.8,13.424895385253032
1787-06-01,99.2,11.751430096169894
1787-07-01,128.0,13.129172646088694
1787-08-01,137.2,13.526995003586356
1787-09-01,157.3,14.340498651802628
1787-10-01,157.0,14.328859602677644
1787-11-01,141.5,13.707114393331771
1787-12-01,174.0,14.96727685284
1788-01-01,138.0,13.560775158051696
1788-02-01,129.2,13.18207384751322
1788-03-01,143.3,13.781477578154949
1788-04-01,108.5,12.221300542075348
1788-05-01,113.0,12.439486132130817
1788-06-01,154.2,14.21953818489477
1788-07-01,141.5,13.707114393331771
1788-08-01,136.0,13.47608867127422
1788-09-01,141.0,13.686351075350235
1788-10-01,142.0,13.727831011508421
1788-11-01,94.7,11.513981353039389
1788-12-01,129.5,13.195250218643018
1789-01-01,114.0,12.487218035513706
1789-02-01,125.3,13.00897936209931
1789-03-01,120.0,12.768159786863432
1789-04-01,123.3,12.918880077587778
1789-05-01,123.5,12.927931682415485
1789-06-01,120.0,12.768159786863432
1789-07-01,117.0,12.6288349479977
1789-08-01,103.0,11.946667198293468
1789-09-01,112.0,12.391484774481286
1789-10-01,89.7,11.241588340630928
1789-11-01,134.0,13.390605051562078
1789-12-01,135.5,13.454793245660738
1790-01-01,103.0,11.946667198293468
1790-02-01,127.5,13.107037272656848
1790-03-01,96.3,11.599212609485493
1790-04-01,94.0,11.476405057353983
1790-05-01,93.0,11.422415142814641
1790-06-01,91.0,11.313319201273458
1790-07-01,69.3,10.017366563088581
1790-08-01,87.0,11.090472646525507
1790-09-01,77.3,10.521616363389127
1790-10-01,84.3,10.936351464798324
1790-11-01,82.0,10.802574497309621
1790-12-01,74.0,10.317815765237848
1791-01-01,72.7,10.2359511599923
1791-02-01,62.0,9.524001281210351
1791-03-01,74.0,10.317815765237848
1791-04-01,77.2,10.515522418807317
1791-05-01,73.7,10.299005254377423
1791-06-01,64.2,9.676383441050769
1791-07-01,71.0,10.127486940667474
1791-08-01,43.0,8.03787468367778
1791-09-01,66.5,9.832204011457186
1791-10-01,61.7,9.50295869044196
1791-11-01,67.0,9.865625489979887
1791-12-01,66.0,9.798623282500573
1792-01-01,58.0,9.237948465620732
1792-02-01,64.0,9.662668155617746
1792-03-01,63.0,9.593682337261125
1792-04-01,75.7,10.423506945995387
1792-05-01,62.0,9.524001281210351
1792-06-01,61.0,9.453606776033599
1792-07-01,45.8,8.279894974406007
1792-08-01,60.0,9.382479830217559
1792-09-01,59.0,9.310600625343492
1792-10-01,59.0,9.310600625343492
1792-11-01,57.0,9.164501723427438
1792-12-01,56.0,9.090237780467874
1793-01-01,56.0,9.090237780467874
1793-02-01,55.0,9.01513296410992
1793-03-01,55.5,9.052792004035535
1793-04-01,53.0,8.862300329307203
1793-05-01,52.3,8.807951734204758
1793-06-01,51.0,8.705790578935892
1793-07-01,50.0,8.626084230556398
1793-08-01,29.3,6.68311460033765
1793-09-01,24.0,6.052443340112651
1793-10-01,47.0,8.380773779367237
1793-11-01,44.0,8.125415621680027
1793-12-01,45.7,8.271413822998465
1794-01-01,45.0,8.211716897240478
1794-02-01,44.0,8.125415621680027
1794-03-01,38.0,7.579837533448391
1794-04-01,28.4,6.581314766620007
1794-05-01,55.7,9.067795733119542
1794-06-01,41.5,7.904136187208029
1794-07-01,41.0,7.858884530294276
1794-08-01,40.0,7.767333204901581
1794-09-01,11.1,4.02779627917377
1794-10-01,28.5,6.592723760652936
1794-11-01,67.4,9.892249302563627
1794-12-01,51.4,8.7373976468556
1795-01-01,21.4,5.711259195222133
1795-02-01,39.9,7.758099585432501
1795-03-01,12.6,4.319362648067406
1795-04-01,18.6,5.314074340872038
1795-05-01,31.0,6.870231141259018
1795-06-01,17.1,5.086140234407981
1795-07-01,12.9,4.375164659293523
1795-08-01,25.7,6.26336259026589
1795-09-01,13.5,4.484492265008238
1795-10-01,19.5,5.445499328524481
1795-11-01,25.0,6.177588309755908
1795-12-01,18.0,5.224291814325931
1796-01-01,22.0,5.792162281580834
1796-02-01,23.8,6.027030611420362
1796-03-01,15.7,4.862187379979131
1796-04-01,31.7,6.94542435970269
1796-05-01,21.0,5.65654827017931
1796-06-01,6.7,3.0083437768313805
1796-07-01,26.9,6.407107542277977
1796-08-01,1.5,1.0845937773675063
1796-09-01,18.4,5.284345297333765
1796-10-01,11.0,4.007552020355664
1796-11-01,8.4,3.4380157197111827
1796-12-01,5.1,2.5440019889105727
1797-01-01,14.4,4.643168441066625
1797-02-01,4.2,2.2474389173292515
1797-03-01,4.0,2.177133001278095
1797-04-01,4.0,2.177133001278095
1797-05-01,7.3,3.166366886256602
1797-06-01,11.1,4.02779627917377
1797-07-01,4.3,2.2819422206931366
1797-08-01,6.0,2.8136507250654827
1797-09-01,5.7,2.7263793211849645
1797-10-01,6.9,3.061869264159988
1797-11-01,5.8,2.7557434353853294
1797-12-01,3.0,1.7953984816387305
1798-01-01,2.0,1.3462133868786335
1798-02-01,4.0,2.177133001278095
1798-03-01,12.4,4.281721090538477
1798-04-01,1.1,0.8498967834780194
1798-05-01,0.0,0.0
1798-06-01,0.0,0.0
1798-07-01,0.0,0.0
1798-08-01,3.0,1.7953984816387305
1798-09-01,2.4,1.5359667805061132
1798-10-01,1.5,1.0845937773675063
1798-11-01,12.5,4.300586602413947
1798-12-01,9.9,3.7773527774814806
1799-01-01,1.6,1.1394393013950594
1799-02-01,12.6,4.319362648067406
1799-03-01,21.7,5.751882278415527
1799-04-01,8.4,3.4380157197111827
1799-05-01,8.2,3.3902037772882303
1799-06-01,10.6,3.925474273542852
1799-07-01,2.1,1.395104714334436
1799-08-01,0.0,0.0
1799-09-01,0.0,0.0
1799-10-01,4.6,2.3830100494903506
1799-11-01,2.7,1.669061452903223
1799-12-01,8.6,3.485179220540611
1800-01-01,6.9,3.061869264159988
1800-02-01,9.3,3.6454526905226965
1800-03-01,13.9,4.55577332204404
1800-04-01,0.0,0.0
1800-05-01,5.0,2.5125005017214352
1800-06-01,23.7,6.014274909217444
1800-07-01,21.0,5.65654827017931
1800-08-01,19.5,5.445499328524481
1800-09-01,11.5,4.107716698461708
1800-10-01,12.3,4.262765013678464
1800-11-01,10.5,3.904671892968572
1800-12-01,40.1,7.776552383289764
1801-01-01,27.0,6.418905771667049
1801-02-01,29.0,6.6493995853279
1801-03-01,30.0,6.760958437189743
1801-04-01,31.0,6.870231141259018
1801-05-01,32.0,6.977333855807987
1801-06-01,31.2,6.891821735023366
1801-07-01,35.0,7.286651193034445
1801-08-01,38.7,7.646148247913488
1801-09-01,33.5,7.134150864871977
1801-10-01,32.6,7.040598731905025
1801-11-01,39.8,7.748851466870347
1801-12-01,48.2,8.480046859957486
1802-01-01,47.8,8.447130222704995
1802-02-01,47.0,8.380773779367237
1802-03-01,40.8,7.840687077343121
1802-04-01,42.0,7.949047482002575
1802-05-01,44.0,8.125415621680027
1802-06-01,46.0,8.296822453346905
1802-07-01,48.0,8.463610096011214
1802-08-01,50.0,8.626084230556398
1802-09-01,51.8,8.768850258335997
1802-10-01,38.5,7.627279413368284
1802-11-01,34.5,7.2362787140345874
1802-12-01,50.0,8.626084230556398
1803-01-01,50.0,8.626084230556398
1803-02-01,50.8,8.689928514290921
1803-03-01,29.5,6.705472429256619
1803-04-01,25.0,6.177588309755908
1803-05-01,44.3,8.151434119998875
1803-06-01,36.0,7.3860651954829635
1803-07-01,48.3,8.488249165830174
1803-08-01,34.1,7.195651934869432
1803-09-01,45.3,8.237372181121422
1803-10-01,54.3,8.962046042060212
1803-11-01,51.0,8.705790578935892
1803-12-01,48.0,8.463610096011214
1804-01-01,45.3,8.237372181121422
1804-02-01,48.3,8.488249165830174
1804-03-01,48.0,8.463610096011214
1804-04-01,50.6,8.674027099135799
1804-05-01,33.4,7.123834110018612
1804-06-01,34.8,7.266556412894563
1804-07-01,29.8,6.73883345001687
1804-08-01,43.1,8.046685868595562
1804-09-01,53.0,8.862300329307203
1804-10-01,62.3,9.544979666878508
1804-11-01,61.0,9.453606776033599
1804-12-01,60.0,9.382479830217559
1805-01-01,61.0,9.453606776033599
1805-02-01,44.1,8.134100788859696
1805-03-01,51.4,8.7373976468556
1805-04-01,37.5,7.5320037116477465
1805-05-01,39.0,7.674337463936111
1805-06-01,40.5,7.8132858333053745
1805-07-01,37.6,7.54160223004516
1805-08-01,42.7,8.01136377456337
1805-09-01,44.4,8.160082373342819
1805-10-01,29.4,6.694305313867084
1805-11-01,41.0,7.858884530294276
1805-12-01,38.3,7.608349169114276
1806-01-01,39.0,7.674337463936111
1806-02-01,29.6,6.716616073395212
1806-03-01,32.7,7.051072221613169
1806-04-01,27.7,6.5007458416457045
1806-05-01,26.4,6.3477056334344315
1806-06-01,25.6,6.251198188877086
1806-07-01,30.0,6.760958437189743
1806-08-01,26.3,6.335741953154491
1806-09-01,24.0,6.052443340112651
1806-10-01,27.0,6.418905771667049
1806-11-01,25.0,6.177588309755908
1806-12-01,24.0,6.052443340112651
1807-01-01,12.0,4.205342073750219
1807-02-01,12.2,4.243717251193794
1807-03-01,9.6,3.712001719063418
1807-04-01,23.8,6.027030611420362
1807-05-01,10.0,3.798879636234685
1807-06-01,12.0,4.205342073750219
1807-07-01,12.7,4.338050304968266
1807-08-01,12.0,4.205342073750219
1807-09-01,5.7,2.7263793211849645
1807-10-01,8.0,3.341720084719867
1807-11-01,2.6,1.6254926776219774
1807-12-01,0.0,0.0
1808-01-01,0.0,0.0
1808-02-01,4.5,2.349715534253456
1808-03-01,0.0,0.0
1808-04-01,12.3,4.262765013678464
1808-05-01,13.5,4.484492265008238
1808-06-01,13.5,4.484492265008238
1808-07-01,6.7,3.0083437768313805
1808-08-01,8.0,3.341720084719867
1808-09-01,11.7,4.147062322487931
1808-10-01,4.7,2.415925180013673
1808-11-01,10.5,3.904671892968572
1808-12-01,12.3,4.262765013678464
1809-01-01,7.2,3.1405508934596336
1809-02-01,9.2,3.6229935972346228
1809-03-01,0.9,0.7216514670575719
1809-04-01,2.5,1.581140157455109
1809-05-01,2.0,1.3462133868786335
1809-06-01,7.7,3.2676806066085593
1809-07-01,0.3,0.2750907092506739
1809-08-01,0.2,0.18840804708066808
1809-09-01,0.4,0.3575929722244363
1809-10-01,0.0,0.0
1809-11-01,0.0,0.0
1809-12-01,0.0,0.0
1810-01-01,0.0,0.0
1810-02-01,0.0,0.0
1810-03-01,0.0,0.0
1810-04-01,0.0,0.0
1810-05-01,0.0,0.0
1810-06-01,0.0,0.0
1810-07-01,0.0,0.0
1810-08-01,0.0,0.0
1810-09-01,0.0,0.0
1810-10-01,0.0,0.0
1810-11-01,0.0,0.0
1810-12-01,0.0,0.0
1811-01-01,0.0,0.0
1811-02-01,0.0,0.0
1811-03-01,0.0,0.0
1811-04-01,0.0,0.0
1811-05-01,0.0,0.0
1811-06-01,0.0,0.0
1811-07-01,6.6,2.9812460316123195
1811-08-01,0.0,0.0
1811-09-01,2.4,1.5359667805061132
1811-10-01,6.1,2.8422067206181953
1811-11-01,0.8,0.6542601109426999
1811-12-01,1.1,0.8498967834780194
1812-01-01,11.3,4.067964983429101
1812-02-01,1.9,1.2962647013148232
1812-03-01,0.7,0.5844211127880684
1812-04-01,0.0,0.0
1812-05-01,1.0,0.7868033360368882
1812-06-01,1.3,0.9705240621379022
1812-07-01,0.5,0.43639481722094686
1812-08-01,15.6,4.845736648087692
1812-09-01,5.2,2.5751737941128146
1812-10-01,3.9,2.141301886547164
1812-11-01,7.9,3.317218674355057
1812-12-01,10.1,3.8202812730251785
1813-01-01,0.0,0.0
1813-02-01,10.3,3.862716224409485
1813-03-01,1.9,1.2962647013148232
1813-04-01,16.6,5.007476613886996
1813-05-01,5.5,2.666796181731761
1813-06-01,11.2,4.047933454448507
1813-07-01,18.3,5.269406983802844
1813-08-01,8.4,3.4380157197111827
1813-09-01,15.3,4.7959995852291675
1813-10-01,27.8,6.512332328758442
1813-11-01,16.7,5.023322987125707
1813-12-01,14.3,4.625836703827817
1814-01-01,22.2,5.81882864038132
1814-02-01,12.0,4.205342073750219
1814-03-01,5.7,2.7263793211849645
1814-04-01,23.8,6.027030611420362
1814-05-01,5.8,2.7557434353853294
1814-06-01,14.9,4.728761079438743
1814-07-01,18.5,5.299234278137175
1814-08-01,2.3,1.489932522872229
1814-09-01,8.1,3.3660474091118937
1814-10-01,19.3,5.416618759148465
1814-11-01,14.5,4.660428105455554
1814-12-01,20.1,5.531070847301719
1815-01-01,19.2,5.402109968466642
1815-02-01,32.2,6.998503561844075
1815-03-01,26.2,6.323750117272262
1815-04-01,31.6,6.934746129893826
1815-05-01,9.8,3.7556988050911384
1815-06-01,55.9,9.0827655382275
1815-07-01,35.5,7.336576683824537
1815-08-01,47.2,8.397429026369847
1815-09-01,31.5,6.9240468593485955
1815-10-01,33.5,7.134150864871977
1815-11-01,37.2,7.5031118074014005
1815-12-01,65.0,9.730976211126709
1816-01-01,26.3,6.335741953154491
1816-02-01,68.8,9.984653494600057
1816-03-01,73.7,10.299005254377423
1816-04-01,58.8,9.296132708093058
1816-05-01,44.3,8.151434119998875
1816-06-01,43.6,8.09055055376705
1816-07-01,38.8,7.655559795272211
1816-08-01,23.2,5.949994172402845
1816-09-01,47.8,8.447130222704995
1816-10-01,56.4,9.120042912397578
1816-11-01,38.1,7.589357001239495
1816-12-01,29.9,6.749907430858018
1817-01-01,36.4,7.425347878348672
1817-02-01,57.9,9.230639912848483
1817-03-01,96.2,11.593912119627241
1817-04-01,26.4,6.3477056334344315
1817-05-01,21.2,5.6839828093915505
1817-06-01,40.0,7.767333204901581
1817-07-01,50.0,8.626084230556398
1817-08-01,45.0,8.211716897240478
1817-09-01,36.7,7.454633301863844
1817-10-01,25.6,6.251198188877086
1817-11-01,28.9,6.6381131879981226
1817-12-01,28.4,6.581314766620007
1818-01-01,34.9,7.276612783046333
1818-02-01,22.4,5.845347882158365
1818-03-01,25.4,6.226781057051764
1818-04-01,34.5,7.2362787140345874
1818-05-01,53.1,8.870027435948725
1818-06-01,36.4,7.425347878348672
1818-07-01,28.0,6.535428083561167
1818-08-01,31.5,6.9240468593485955
1818-09-01,26.1,6.311729955645784
1818-10-01,31.7,6.94542435970269
1818-11-01,10.9,3.9871992090190598
1818-12-01,25.8,6.275497789838319
1819-01-01,32.5,7.030105219681964
1819-02-01,20.7,5.615094729463352
1819-03-01,3.7,2.0682062144692477
1819-04-01,20.2,5.545180357124567
1819-05-01,19.6,5.459871838392583
1819-06-01,35.0,7.286651193034445
1819-07-01,31.4,6.913326441675008
1819-08-01,26.1,6.311729955645784
1819-09-01,14.9,4.728761079438743
1819-10-01,27.5,6.477494909559055
1819-11-01,25.1,6.189931775396747
1819-12-01,30.6,6.826788745484602
1820-01-01,19.2,5.402109968466642
1820-02-01,26.6,6.3715491995845435
1820-03-01,4.5,2.349715534253456
1820-04-01,19.4,5.431081756516382
1820-05-01,29.3,6.68311460033765
1820-06-01,10.8,3.9667363434893543
1820-07-01,20.6,5.601195204578693
1820-08-01,25.9,6.287603966267146
1820-09-01,5.2,2.5751737941128146
1820-10-01,9.0,3.577647853142121
1820-11-01,7.9,3.317218674355057
1820-12-01,9.7,3.7339157809785295
1821-01-01,21.5,5.724838805147992
1821-02-01,4.3,2.2819422206931366
1821-03-01,5.7,2.7263793211849645
1821-04-01,9.2,3.6229935972346228
1821-05-01,1.7,1.1929472758318471
1821-06-01,1.8,1.2451981081073407
1821-07-01,2.5,1.581140157455109
1821-08-01,4.8,2.448471792790681
1821-09-01,4.4,2.31603024224631
1821-10-01,18.8,5.343609342976042
1821-11-01,4.4,2.31603024224631
1821-12-01,0.0,0.0
1822-01-01,0.0,0.0
1822-02-01,0.9,0.7216514670575719
1822-03-01,16.1,4.927365472565926
1822-04-01,13.5,4.484492265008238
1822-05-01,1.5,1.0845937773675063
1822-06-01,5.6,2.696732591564068
1822-07-01,7.9,3.317218674355057
1822-08-01,2.1,1.395104714334436
1822-09-01,0.0,0.0
1822-10-01,0.4,0.3575929722244363
1822-11-01,0.0,0.0
1822-12-01,0.0,0.0
1823-01-01,0.0,0.0
1823-02-01,0.0,0.0
1823-03-01,0.6,0.5118933035552805
1823-04-01,0.0,0.0
1823-05-01,0.0,0.0
1823-06-01,0.0,0.0
1823-07-01,0.5,0.43639481722094686
1823-08-01,0.0,0.0
1823-09-01,0.0,0.0
1823-10-01,0.0,0.0
1823-11-01,0.0,0.0
1823-12-01,20.4,5.57327176886073
1824-01-01,21.6,5.738379739360916
1824-02-01,10.8,3.9667363434893543
1824-03-01,0.0,0.0
1824-04-01,19.4,5.431081756516382
1824-05-01,2.8,1.711880967452257
1824-06-01,0.0,0.0
1824-07-01,0.0,0.0
1824-08-01,1.4,1.0283216837285105
1824-09-01,20.5,5.587254323134613
1824-10-01,25.2,6.202244929004983
1824-11-01,0.0,0.0
1824-12-01,0.8,0.6542601109426999
1825-01-01,5.0,2.5125005017214352
1825-02-01,15.5,4.829222196868342
1825-03-01,22.4,5.845347882158365
1825-04-01,3.8,2.1049983802392207
1825-05-01,15.4,4.81264339108008
1825-06-01,15.4,4.81264339108008
1825-07-01,30.9,6.859403361326322
1825-08-01,25.4,6.226781057051764
1825-09-01,15.7,4.862187379979131
1825-10-01,15.6,4.845736648087692
1825-11-01,11.7,4.147062322487931
1825-12-01,22.0,5.792162281580834
1826-01-01,17.7,5.1787171642627925
1826-02-01,18.2,5.254418917200196
1826-03-01,36.7,7.454633301863844
1826-04-01,24.0,6.052443340112651
1826-05-01,32.4,7.019591586725714
1826-06-01,37.1,7.493448826334084
1826-07-01,52.5,8.823526410348133
1826-08-01,39.6,7.730311498535172
1826-09-01,18.9,5.358305084173713
1826-10-01,50.6,8.674027099135799
1826-11-01,39.5,7.721019530844718
1826-12-01,68.1,9.938601578134524
1827-01-01,34.6,7.246389461744029
1827-02-01,47.4,8.41403998309071
1827-03-01,57.8,9.223323392910986
1827-04-01,46.0,8.296822453346905
1827-05-01,56.3,9.112604156871722
1827-06-01,56.7,9.142309402745271
1827-07-01,42.9,8.029050638500737
1827-08-01,53.7,8.91619867378699
1827-09-01,49.6,8.593920899718418
1827-10-01,57.2,9.179255709377854
1827-11-01,48.2,8.480046859957486
1827-12-01,46.1,8.305268861958258
1828-01-01,52.8,8.846818523296607
1828-02-01,64.4,9.69007175457914
1828-03-01,65.0,9.730976211126709
1828-04-01,61.1,9.460678866698897
1828-05-01,89.1,11.208259175085162
1828-06-01,98.0,11.688791003509092
1828-07-01,54.3,8.962046042060212
1828-08-01,76.4,10.466589869848105
1828-09-01,50.4,8.65808608275905
1828-10-01,54.7,8.992433872547071
1828-11-01,57.0,9.164501723427438
1828-12-01,46.6,8.347329197653856
1829-01-01,43.0,8.03787468367778
1829-02-01,49.4,8.577778024949525
1829-03-01,72.3,10.210575806516323
1829-04-01,95.0,11.530031488618967
1829-05-01,67.5,9.89888963597096
1829-06-01,73.9,10.3115509687323
1829-07-01,90.8,11.302326208163905
1829-08-01,78.3,10.582282939675357
1829-09-01,52.8,8.846818523296607
1829-10-01,57.2,9.179255709377854
1829-11-01,67.6,9.905523751432199
1829-12-01,56.5,9.127473356090874
1830-01-01,52.2,8.800150329777718
1830-02-01,72.1,10.197854797606556
1830-03-01,84.6,10.953629253881047
1830-04-01,107.1,12.152249565349564
1830-05-01,66.3,9.818790938591622
1830-06-01,65.1,9.737770391524897
1830-07-01,43.9,8.116718060066553
1830-08-01,50.7,8.681982741136547
1830-09-01,62.1,9.53100118557185
1830-10-01,84.4,10.942115054408923
1830-11-01,81.2,10.755486263604908
1830-12-01,82.1,10.808440016207847
1831-01-01,47.5,8.422328946494858
1831-02-01,50.1,8.634099751112977
1831-03-01,93.4,11.444055130327998
1831-04-01,54.6,8.9848500781396
1831-05-01,38.1,7.589357001239495
1831-06-01,33.4,7.123834110018612
1831-07-01,45.2,8.228832304252991
1831-08-01,54.9,9.007575289915527
1831-09-01,37.9,7.570302388876159
1831-10-01,46.2,8.313703770336732
1831-11-01,43.5,8.081802958215262
1831-12-01,28.9,6.6381131879981226
1832-01-01,30.9,6.859403361326322
1832-02-01,55.5,9.052792004035535
1832-03-01,55.1,9.022681982598689
1832-04-01,26.9,6.407107542277977
1832-05-01,41.3,7.886076737189735
1832-06-01,26.7,6.38342941763253
1832-07-01,13.9,4.55577332204404
1832-08-01,8.9,3.554756518080658
1832-09-01,8.2,3.3902037772882303
1832-10-01,21.1,5.670285455592317
1832-11-01,14.3,4.625836703827817
1832-12-01,27.5,6.477494909559055
1833-01-01,11.3,4.067964983429101
1833-02-01,14.9,4.728761079438743
1833-03-01,11.8,4.166586131997811
1833-04-01,2.8,1.711880967452257
1833-05-01,12.9,4.375164659293523
1833-06-01,1.0,0.7868033360368882
1833-07-01,7.0,3.088306278465748
1833-08-01,5.7,2.7263793211849645
1833-09-01,11.6,4.127439608641524
1833-10-01,7.5,3.2174062318484036
1833-11-01,5.9,2.7848317257607924
1833-12-01,9.9,3.7773527774814806
1834-01-01,4.9,2.480660262492588
1834-02-01,18.1,5.239380671388352
1834-03-01,3.9,2.141301886547164
1834-04-01,1.4,1.0283216837285105
1834-05-01,8.8,3.5317163138058096
1834-06-01,7.8,3.292539955020926
1834-07-01,8.7,3.508524738142275
1834-08-01,4.0,2.177133001278095
1834-09-01,11.5,4.107716698461708
1834-10-01,24.8,6.1528096738683224
1834-11-01,30.5,6.815873069441603
1834-12-01,34.5,7.2362787140345874
1835-01-01,7.5,3.2174062318484036
1835-02-01,24.5,6.115409524658859
1835-03-01,19.7,5.474199644689796
1835-04-01,61.5,9.488894377917408
1835-05-01,43.6,8.09055055376705
1835-06-01,33.2,7.103142716686286
1835-07-01,59.8,9.368164819265786
1835-08-01,59.0,9.310600625343492
1835-09-01,100.8,11.834204495013557
1835-10-01,95.2,11.540713705087143
1835-11-01,100.0,11.79292248222855
1835-12-01,77.5,10.53378928578856
1836-01-01,88.6,11.180375902294324
1836-02-01,107.6,12.176976150413651
1836-03-01,98.1,11.694029476737876
1836-04-01,142.9,13.765004093873067
1836-05-01,111.4,12.362552992446387
1836-06-01,124.7,12.98204631266875
1836-07-01,116.7,12.614777981370146
1836-08-01,107.8,12.18684632804663
1836-09-01,95.1,11.535374380171623
1836-10-01,137.4,13.535451781830472
1836-11-01,120.9,12.809524282811394
1836-12-01,206.2,16.075048573856183
1837-01-01,188.0,15.463743736929404
1837-02-01,175.6,15.025277195125586
1837-03-01,134.6,13.41633498092502
1837-04-01,138.2,13.569200692258725
1837-05-01,111.3,12.357721400151098
1837-06-01,158.0,14.36760149528949
1837-07-01,162.8,14.551418227273786
1837-08-01,134.0,13.390605051562078
1837-09-01,96.3,11.599212609485493
1837-10-01,123.7,12.936973960854965
1837-11-01,107.0,12.14729544582858
1837-12-01,129.8,13.20840716582013
1838-01-01,144.9,13.847080055940769
1838-02-01,84.8,10.965126202292275
1838-03-01,140.8,13.67803261175732
1838-04-01,126.6,13.06705390205304
1838-05-01,137.6,13.543900721293431
1838-06-01,94.5,11.503263317157527
1838-07-01,108.2,12.206551808946722
1838-08-01,78.8,10.612432232288034
1838-09-01,73.6,10.292724312904506
1838-10-01,90.8,11.302326208163905
1838-11-01,77.4,10.5277053155662
1838-12-01,79.8,10.672369101422706
1839-01-01,107.6,12.176976150413651
1839-02-01,102.5,11.921242556117843
1839-03-01,77.7,10.545942321993651
1839-04-01,61.8,9.5099800523139
1839-05-01,53.8,8.923862235455777
1839-06-01,54.6,8.9848500781396
1839-07-01,84.7,10.95937988033672
1839-08-01,131.2,13.269551560450738
1839-09-01,132.7,13.334604039757242
1839-10-01,90.8,11.302326208163905
1839-11-01,68.8,9.984653494600057
1839-12-01,63.6,9.635156122393433
1840-01-01,81.2,10.755486263604908
1840-02-01,87.7,11.12993331155635
1840-03-01,55.5,9.052792004035535
1840-04-01,65.9,9.791887855225086
1840-05-01,69.2,10.010835922763937
1840-06-01,48.5,8.504621803510375
1840-07-01,60.7,9.432346483869978
1840-08-01,57.8,9.223323392910986
1840-09-01,74.0,10.317815765237848
1840-10-01,49.8,8.610022880258242
1840-11-01,54.3,8.962046042060212
1840-12-01,53.7,8.91619867378699
1841-01-01,24.0,6.052443340112651
1841-02-01,29.9,6.749907430858018
1841-03-01,29.7,6.727736372077521
1841-04-01,42.6,8.002500858671645
1841-05-01,67.4,9.892249302563627
1841-06-01,55.7,9.067795733119542
1841-07-01,30.8,6.848553777330436
1841-08-01,39.3,7.702391330733647
1841-09-01,35.1,7.296671724690879
1841-10-01,28.5,6.592723760652936
1841-11-01,19.8,5.4884831014162305
1841-12-01,38.8,7.655559795272211
1842-01-01,20.4,5.57327176886073
1842-02-01,22.1,5.805513981114384
1842-03-01,21.7,5.751882278415527
1842-04-01,26.9,6.407107542277977
1842-05-01,24.9,6.165214340444714
1842-06-01,20.5,5.587254323134613
1842-07-01,12.6,4.319362648067406
1842-08-01,26.5,6.359641326615563
1842-09-01,18.5,5.299234278137175
1842-10-01,38.1,7.589357001239495
1842-11-01,40.5,7.8132858333053745
1842-12-01,17.6,5.163421419679621
1843-01-01,13.3,4.448377876339502
1843-02-01,3.5,1.9930861554571178
1843-03-01,8.3,3.4141922294447205
1843-04-01,8.8,3.5317163138058096
1843-05-01,21.1,5.670285455592317
1843-06-01,10.5,3.904671892968572
1843-07-01,9.5,3.689954583616461
1843-08-01,11.8,4.166586131997811
1843-09-01,4.2,2.2474389173292515
1843-10-01,5.3,2.6060246028675342
1843-11-01,19.1,5.387555011697073
1843-12-01,12.7,4.338050304968266
1844-01-01,9.4,3.6677722875318635
1844-02-01,14.7,4.694734250061938
1844-03-01,13.6,4.502429661096142
1844-04-01,20.8,5.628953210214389
1844-05-01,12.0,4.205342073750219
1844-06-01,3.7,2.0682062144692477
1844-07-01,21.2,5.6839828093915505
1844-08-01,23.9,6.039753349364074
1844-09-01,6.9,3.061869264159988
1844-10-01,21.5,5.724838805147992
1844-11-01,10.7,3.946161888380515
1844-12-01,21.6,5.738379739360916
1845-01-01,25.7,6.26336259026589
1845-02-01,43.6,8.09055055376705
1845-03-01,43.3,8.064269848730214
1845-04-01,56.9,9.157112485282806
1845-05-01,47.8,8.447130222704995
1845-06-01,31.1,6.881037228880347
1845-07-01,30.6,6.826788745484602
1845-08-01,32.3,7.009057734040409
1845-09-01,29.6,6.716616073395212
1845-10-01,40.7,7.831567393067541
1845-11-01,39.4,7.711712828219478
1845-12-01,59.7,9.36099598018098
1846-01-01,38.7,7.646148247913488
1846-02-01,51.0,8.705790578935892
1846-03-01,63.9,9.6558003558607
1846-04-01,69.2,10.010835922763937
1846-05-01,59.9,9.375326095819254
1846-06-01,65.1,9.737770391524897
1846-07-01,46.5,8.33893989269523
1846-08-01,54.8,9.000008934579933
1846-09-01,107.1,12.152249565349564
1846-10-01,55.9,9.0827655382275
1846-11-01,60.4,9.411019750706744
1846-12-01,65.5,9.764881347305883
1847-01-01,62.6,9.56589434625191
1847-02-01,44.9,8.203141282248332
1847-03-01,85.7,11.016650747579623
1847-04-01,44.7,8.185954015337188
1847-05-01,75.4,10.404965587319102
1847-06-01,85.3,10.993793531850491
1847-07-01,52.2,8.800150329777718
1847-08-01,140.6,13.66970661557175
1847-09-01,161.2,14.490534735729641
1847-10-01,180.4,15.197280401786188
1847-11-01,138.9,13.598629032748335
1847-12-01,109.6,12.275158454371498
1848-01-01,159.1,14.410037401810955
1848-02-01,111.8,12.381851824564896
1848-03-01,108.9,12.24092523854299
1848-04-01,107.1,12.152249565349564
1848-05-01,102.2,11.905949918553446
1848-06-01,123.8,12.941491610353351
1848-07-01,139.2,13.611212253530754
1848-08-01,132.5,13.325957527697808
1848-09-01,100.3,11.808427743493192
1848-10-01,132.4,13.321631154195513
1848-11-01,114.6,12.515729438962918
1848-12-01,159.9,14.440782496339573
1849-01-01,156.7,14.31720636305988
1849-02-01,131.7,13.291288107386313
1849-03-01,96.5,11.609803110966213
1849-04-01,102.5,11.921242556117843
1849-05-01,80.6,10.719976742292916
1849-06-01,81.2,10.755486263604908
1849-07-01,78.0,10.56413477087901
1849-08-01,61.3,9.47480115418008
1849-09-01,93.7,11.460246535144574
1849-10-01,71.5,10.15955723939663
1849-11-01,99.7,11.777387637798784
1849-12-01,97.0,11.63621851531294
1850-01-01,78.0,10.56413477087901
1850-02-01,89.4,11.224941502572333
1850-03-01,82.6,10.837699871661906
1850-04-01,44.1,8.134100788859696
1850-05-01,61.6,9.495930138598421
1850-06-01,70.0,10.06291497526746
1850-07-01,39.1,7.68370370950776
1850-08-01,61.6,9.495930138598421
1850-09-01,86.2,11.045127302208252
1850-10-01,71.0,10.127486940667474
1850-11-01,54.8,9.000008934579933
1850-12-01,60.0,9.382479830217559
1851-01-01,75.5,10.411151223215128
1851-02-01,105.4,12.067625997373602
1851-03-01,64.6,9.703733231484945
1851-04-01,56.5,9.127473356090874
1851-05-01,62.6,9.56589434625191
1851-06-01,63.2,9.607534550411003
1851-07-01,36.1,7.395911315872057
1851-08-01,57.4,9.193977194863082
1851-09-01,67.9,9.925388938591547
1851-10-01,62.5,9.558929834404085
1851-11-01,50.9,8.69786444985751
1851-12-01,71.4,10.153154560742811
1852-01-01,68.4,9.958374601986158
1852-02-01,67.5,9.89888963597096
1852-03-01,61.2,9.467743652991228
1852-04-01,65.4,9.758113440678079
1852-05-01,54.9,9.007575289915527
1852-06-01,46.9,8.372429452335759
1852-07-01,42.0,7.949047482002575
1852-08-01,39.7,7.739588790827028
1852-09-01,37.5,7.5320037116477465
1852-10-01,67.3,9.885602736278955
1852-11-01,54.3,8.962046042060212
1852-12-01,45.4,8.24590022972674
1853-01-01,41.1,7.86796240817423
1853-02-01,42.9,8.029050638500737
1853-03-01,37.7,7.551184804070214
1853-04-01,47.6,8.430606949598745
1853-05-01,34.7,7.256482000142773
1853-06-01,40.0,7.767333204901581
1853-07-01,45.9,8.28836450430443
1853-08-01,50.4,8.65808608275905
1853-09-01,33.5,7.134150864871977
1853-10-01,42.3,7.975833586313033
1853-11-01,28.8,6.6268025412011236
1853-12-01,23.4,5.975807811336477
1854-01-01,15.4,4.81264339108008
1854-02-01,20.0,5.516918359789587
1854-03-01,20.7,5.615094729463352
1854-04-01,26.4,6.3477056334344315
1854-05-01,24.0,6.052443340112651
1854-06-01,21.1,5.670285455592317
1854-07-01,18.7,5.3288658946175325
1854-08-01,15.8,4.878575017754077
1854-09-01,22.4,5.845347882158365
1854-10-01,12.7,4.338050304968266
1854-11-01,28.2,6.558421848064155
1854-12-01,21.4,5.711259195222133
1855-01-01,12.3,4.262765013678464
1855-02-01,11.4,4.087892272575777
1855-03-01,17.4,5.132670868318965
1855-04-01,4.4,2.31603024224631
1855-05-01,9.1,3.600392755273514
1855-06-01,5.3,2.6060246028675342
1855-07-01,0.4,0.3575929722244363
1855-08-01,3.1,1.836154415817476
1855-09-01,0.0,0.0
1855-10-01,9.7,3.7339157809785295
1855-11-01,4.3,2.2819422206931366
1855-12-01,3.1,1.836154415817476
1856-01-01,0.5,0.43639481722094686
1856-02-01,4.9,2.480660262492588
1856-03-01,0.4,0.3575929722244363
1856-04-01,6.5,2.9539185012899667
1856-05-01,0.0,0.0
1856-06-01,5.0,2.5125005017214352
1856-07-01,4.6,2.3830100494903506
1856-08-01,5.9,2.7848317257607924
1856-09-01,4.4,2.31603024224631
1856-10-01,4.5,2.349715534253456
1856-11-01,7.7,3.2676806066085593
1856-12-01,7.2,3.1405508934596336
1857-01-01,13.7,4.520288387434367
1857-02-01,7.4,3.1919840418776584
1857-03-01,5.2,2.5751737941128146
1857-04-01,11.1,4.02779627917377
1857-05-01,29.2,6.671900160671886
1857-06-01,16.0,4.9111634629482905
1857-07-01,22.2,5.81882864038132
1857-08-01,16.9,5.054844215539718
1857-09-01,42.4,7.984735814002012
1857-10-01,40.6,7.82243366354559
1857-11-01,31.4,6.913326441675008
1857-12-01,37.2,7.5031118074014005
1858-01-01,39.0,7.674337463936111
1858-02-01,34.9,7.276612783046333
1858-03-01,57.5,9.201325807036088
1858-04-01,38.3,7.608349169114276
1858-05-01,41.4,7.895113295490736
1858-06-01,44.5,8.16871841102604
1858-07-01,56.7,9.142309402745271
1858-08-01,55.3,9.037754153603894
1858-09-01,80.1,10.690257263728816
1858-10-01,91.2,11.324296869169777
1858-11-01,51.9,8.776689502808088
1858-12-01,66.9,9.85895384171317
1859-01-01,83.7,10.90167854211039
1859-02-01,87.6,11.124308338521095
1859-03-01,90.3,11.274776316830385
1859-04-01,85.7,11.016650747579623
1859-05-01,91.0,11.313319201273458
1859-06-01,87.1,11.096122187256723
1859-07-01,95.2,11.540713705087143
1859-08-01,106.8,12.137378368578636
1859-09-01,105.8,12.087615045054232
1859-10-01,114.6,12.515729438962918
1859-11-01,97.2,11.646760459638852
1859-12-01,81.0,10.74366829316315
1860-01-01,81.5,10.77317867100367
1860-02-01,88.0,11.14678385216469
1860-03-01,98.9,11.735815652135624
1860-04-01,71.4,10.153154560742811
1860-05-01,107.1,12.152249565349564
1860-06-01,108.6,12.226211023396159
1860-07-01,116.7,12.614777981370146
1860-08-01,100.3,11.808427743493192
1860-09-01,92.2,11.378957228452979
1860-10-01,90.1,11.2637292514242
1860-11-01,97.9,11.683549133548603
1860-12-01,95.6,11.562035459822242
1861-01-01,62.3,9.544979666878508
1861-02-01,77.8,10.552011408701322
1861-03-01,101.0,11.844492445890744
1861-04-01,98.5,11.71494951461831
1861-05-01,56.8,9.149715052818005
1861-06-01,87.8,11.135554216500191
1861-07-01,78.0,10.56413477087901
1861-08-01,82.5,10.831856902813954
1861-09-01,79.9,10.678336550715187
1861-10-01,67.2,9.878949922127914
1861-11-01,53.7,8.91619867378699
1861-12-01,80.5,10.714042214805175
1862-01-01,63.1,9.60061191082288
1862-02-01,64.5,9.696905839197393
1862-03-01,43.6,8.09055055376705
1862-04-01,53.7,8.91619867378699
1862-05-01,64.4,9.69007175457914
1862-06-01,84.0,10.919034636362882
1862-07-01,73.4,10.280146201994636
1862-08-01,62.5,9.558929834404085
1862-09-01,66.6,9.838900985284248
1862-10-01,42.0,7.949047482002575
1862-11-01,50.6,8.674027099135799
1862-12-01,40.9,7.849792771493927
1863-01-01,48.3,8.488249165830174
1863-02-01,56.7,9.142309402745271
1863-03-01,66.4,9.825500667734037
1863-04-01,40.6,7.82243366354559
1863-05-01,53.8,8.923862235455777
1863-06-01,40.8,7.840687077343121
1863-07-01,32.7,7.051072221613169
1863-08-01,48.1,8.471833848624058
1863-09-01,22.0,5.792162281580834
1863-10-01,39.9,7.758099585432501
1863-11-01,37.7,7.551184804070214
1863-12-01,41.2,7.877026459222571
1864-01-01,57.7,9.215998883551324
1864-02-01,47.1,8.389106958036672
1864-03-01,66.3,9.818790938591622
1864-04-01,35.8,7.366321602741075
1864-05-01,40.6,7.82243366354559
1864-06-01,57.8,9.223323392910986
1864-07-01,54.7,8.992433872547071
1864-08-01,54.8,9.000008934579933
1864-09-01,28.5,6.592723760652936
1864-10-01,33.9,7.175227067751323
1864-11-01,57.6,9.208666362412352
1864-12-01,28.6,6.604107963060639
1865-01-01,48.7,8.520952044403186
1865-02-01,39.3,7.702391330733647
1865-03-01,39.5,7.721019530844718
1865-04-01,29.4,6.694305313867084
1865-05-01,34.5,7.2362787140345874
1865-06-01,33.6,7.14444844753118
1865-07-01,26.8,6.395282144476125
1865-08-01,37.8,7.560751501306079
1865-09-01,21.6,5.738379739360916
1865-10-01,17.1,5.086140234407981
1865-11-01,24.6,6.12790746458868
1865-12-01,12.8,4.356650629857526
1866-01-01,31.6,6.934746129893826
1866-02-01,38.4,7.617821999412859
1866-03-01,24.6,6.12790746458868
1866-04-01,17.6,5.163421419679621
1866-05-01,12.9,4.375164659293523
1866-06-01,16.5,4.991572356032792
1866-07-01,9.3,3.6454526905226965
1866-08-01,12.7,4.338050304968266
1866-09-01,7.3,3.166366886256602
1866-10-01,14.1,4.590953897324071
1866-11-01,9.0,3.577647853142121
1866-12-01,1.5,1.0845937773675063
1867-01-01,0.0,0.0
1867-02-01,0.7,0.5844211127880684
1867-03-01,9.2,3.6229935972346228
1867-04-01,5.1,2.5440019889105727
1867-05-01,2.9,1.7539833274943735
1867-06-01,1.5,1.0845937773675063
1867-07-01,5.0,2.5125005017214352
1867-08-01,4.9,2.480660262492588
1867-09-01,9.8,3.7556988050911384
1867-10-01,13.5,4.484492265008238
1867-11-01,9.3,3.6454526905226965
1867-12-01,25.2,6.202244929004983
1868-01-01,15.6,4.845736648087692
1868-02-01,15.8,4.878575017754077
1868-03-01,26.5,6.359641326615563
1868-04-01,36.6,7.444888164814194
1868-05-01,26.7,6.38342941763253
1868-06-01,31.1,6.881037228880347
1868-07-01,28.6,6.604107963060639
1868-08-01,34.4,7.226149672727555
1868-09-01,43.8,8.108008058667677
1868-10-01,61.7,9.50295869044196
1868-11-01,59.1,9.317822980201266
1868-12-01,67.6,9.905523751432199
1869-01-01,60.9,9.446527361643705
1869-02-01,59.3,9.332244587888262
1869-03-01,52.7,8.839063767784038
1869-04-01,41.0,7.858884530294276
1869-05-01,104.0,11.997282135780987
1869-06-01,108.4,12.216387182109347
1869-07-01,59.2,9.325037627379988
1869-08-01,79.6,10.660419969176642
1869-09-01,80.6,10.719976742292916
1869-10-01,59.4,9.339443882642707
1869-11-01,77.4,10.5277053155662
1869-12-01,104.3,12.012406258916014
1870-01-01,77.3,10.521616363389127
1870-02-01,114.9,12.529949537496803
1870-03-01,159.4,14.421578340725526
1870-04-01,160.0,14.444618730198535
1870-05-01,176.0,15.039724547245854
1870-06-01,135.6,13.459056330515523
1870-07-01,132.4,13.321631154195513
1870-08-01,153.8,14.203817792161773
1870-09-01,136.0,13.47608867127422
1870-10-01,146.4,13.90816438997852
1870-11-01,147.5,13.952706485911786
1870-12-01,130.0,13.21716770896338
1871-01-01,88.3,11.163597982210531
1871-02-01,125.3,13.00897936209931
1871-03-01,143.2,13.777361957123592
1871-04-01,162.4,14.53623326090836
1871-05-01,145.5,13.871561930702644
1871-06-01,91.7,11.351674348246874
1871-07-01,103.0,11.946667198293468
1871-08-01,110.0,12.2946578994179
1871-09-01,80.3,10.702159126401883
1871-10-01,89.0,11.202690479199209
1871-11-01,105.4,12.067625997373602
1871-12-01,90.3,11.274776316830385
1872-01-01,79.5,10.654438266892573
1872-02-01,120.1,12.772765571352524
1872-03-01,88.4,11.169194635712648
1872-04-01,102.1,11.90084603389768
1872-05-01,107.6,12.176976150413651
1872-06-01,109.9,12.289787271177532
1872-07-01,105.5,12.07262777411262
1872-08-01,92.9,11.416995916075303
1872-09-01,114.6,12.515729438962918
1872-10-01,103.5,11.972013520087838
1872-11-01,112.0,12.391484774481286
1872-12-01,83.9,10.913253645724884
1873-01-01,86.7,11.07349926538974
1873-02-01,107.0,12.14729544582858
1873-03-01,98.3,11.704496255486683
1873-04-01,76.2,10.454306066257844
1873-05-01,47.9,8.455375566107056
1873-06-01,44.8,8.194553669293107
1873-07-01,66.9,9.85895384171317
1873-08-01,68.2,9.945198696278124
1873-09-01,47.5,8.422328946494858
1873-10-01,47.4,8.41403998309071
1873-11-01,55.4,9.045277356396046
1873-12-01,49.2,8.561593989193229
1874-01-01,60.8,9.439440604094958
1874-02-01,64.2,9.676383441050769
1874-03-01,46.4,8.330539246065602
1874-04-01,32.0,6.977333855807987
1874-05-01,44.6,8.177342277094004
1874-06-01,38.2,7.5988608580191785
1874-07-01,67.8,9.91877338795432
1874-08-01,61.3,9.47480115418008
1874-09-01,28.0,6.535428083561167
1874-10-01,34.3,7.216002252906476
1874-11-01,28.9,6.6381131879981226
1874-12-01,29.3,6.68311460033765
1875-01-01,14.6,4.677616458807744
1875-02-01,22.2,5.81882864038132
1875-03-01,33.8,7.164986459118492
1875-04-01,29.1,6.6606618657525285
1875-05-01,11.5,4.107716698461708
1875-06-01,23.9,6.039753349364074
1875-07-01,12.5,4.300586602413947
1875-08-01,14.6,4.677616458807744
1875-09-01,2.4,1.5359667805061132
1875-10-01,12.7,4.338050304968266
1875-11-01,17.7,5.1787171642627925
1875-12-01,9.9,3.7773527774814806
1876-01-01,14.3,4.625836703827817
1876-02-01,15.0,4.745671553705717
1876-03-01,31.2,6.891821735023366
1876-04-01,2.3,1.489932522872229
1876-05-01,5.1,2.5440019889105727
1876-06-01,1.6,1.1394393013950594
1876-07-01,15.2,4.779290123339602
1876-08-01,8.8,3.5317163138058096
1876-09-01,9.9,3.7773527774814806
1876-10-01,14.3,4.625836703827817
1876-11-01,9.9,3.7773527774814806
1876-12-01,8.2,3.3902037772882303
1877-01-01,24.4,6.102880092952832
1877-02-01,8.7,3.508524738142275
1877-03-01,11.7,4.147062322487931
1877-04-01,15.8,4.878575017754077
1877-05-01,21.2,5.6839828093915505
1877-06-01,13.4,4.466475306463161
1877-07-01,5.9,2.7848317257607924
1877-08-01,6.3,2.8985536969629497
1877-09-01,16.4,4.975609669527265
1877-10-01,6.7,3.0083437768313805
1877-11-01,14.5,4.660428105455554
1877-12-01,2.3,1.489932522872229
1878-01-01,3.3,1.9157917738295651
1878-02-01,6.0,2.8136507250654827
1878-03-01,7.8,3.292539955020926
1878-04-01,0.1,0.09695613902700254
1878-05-01,5.8,2.7557434353853294
1878-06-01,6.4,2.926356134057084
1878-07-01,0.1,0.09695613902700254
1878-08-01,0.0,0.0
1878-09-01,5.3,2.6060246028675342
1878-10-01,1.1,0.8498967834780194
1878-11-01,4.1,2.2125071381482124
1878-12-01,0.5,0.43639481722094686
1879-01-01,0.8,0.6542601109426999
1879-02-01,0.6,0.5118933035552805
1879-03-01,0.0,0.0
1879-04-01,6.2,2.870505766835939
1879-05-01,2.4,1.5359667805061132
1879-06-01,4.8,2.448471792790681
1879-07-01,7.5,3.2174062318484036
1879-08-01,10.7,3.946161888380515
1879-09-01,6.1,2.8422067206181953
1879-10-01,12.3,4.262765013678464
1879-11-01,12.9,4.375164659293523
1879-12-01,7.2,3.1405508934596336
1880-01-01,24.0,6.052443340112651
1880-02-01,27.5,6.477494909559055
1880-03-01,19.5,5.445499328524481
1880-04-01,19.3,5.416618759148465
1880-05-01,23.5,5.988663732120292
1880-06-01,34.1,7.195651934869432
1880-07-01,21.9,5.778773277018357
1880-08-01,48.1,8.471833848624058
1880-09-01,66.0,9.798623282500573
1880-10-01,43.0,8.03787468367778
1880-11-01,30.7,6.837682276590233
1880-12-01,29.6,6.716616073395212
1881-01-01,36.4,7.425347878348672
1881-02-01,53.2,8.877745382215002
1881-03-01,51.5,8.745275204498624
1881-04-01,51.7,8.761001480296885
1881-05-01,43.5,8.081802958215262
1881-06-01,60.5,9.41813607690326
1881-07-01,76.9,10.497210525602455
1881-08-01,58.0,9.237948465620732
1881-09-01,53.2,8.877745382215002
1881-10-01,64.0,9.662668155617746
1881-11-01,54.8,9.000008934579933
1881-12-01,47.3,8.405740022184258
1882-01-01,45.0,8.211716897240478
1882-02-01,69.3,10.017366563088581
1882-03-01,67.5,9.89888963597096
1882-04-01,95.8,11.572675094779942
1882-05-01,64.1,9.669529178320321
1882-06-01,45.2,8.228832304252991
1882-07-01,45.4,8.24590022972674
1882-08-01,40.4,7.804123846521608
1882-09-01,57.7,9.215998883551324
1882-10-01,59.2,9.325037627379988
1882-11-01,84.4,10.942115054408923
1882-12-01,41.8,7.931123388753571
1883-01-01,60.6,9.425244981367776
1883-02-01,46.9,8.372429452335759
1883-03-01,42.8,8.02021368493568
1883-04-01,82.1,10.808440016207847
1883-05-01,32.1,6.98792896956
1883-06-01,76.5,10.472724134141588
1883-07-01,80.6,10.719976742292916
1883-08-01,46.0,8.296822453346905
1883-09-01,52.6,8.831299739607386
1883-10-01,83.8,10.90746828379606
1883-11-01,84.5,10.947874314666532
1883-12-01,75.9,10.435842010647162
1884-01-01,91.5,11.340734755457659
1884-02-01,86.9,11.084818984441373
1884-03-01,86.8,11.07916119330396
1884-04-01,76.1,10.448156505302608
1884-05-01,66.5,9.832204011457186
1884-06-01,51.2,8.72161354123796
1884-07-01,53.1,8.870027435948725
1884-08-01,55.8,9.075284863906585
1884-09-01,61.9,9.5169942430008
1884-10-01,47.8,8.447130222704995
1884-11-01,36.6,7.444888164814194
1884-12-01,47.2,8.397429026369847
1885-01-01,42.8,8.02021368493568
1885-02-01,71.8,10.17873133788868
1885-03-01,49.8,8.610022880258242
1885-04-01,55.0,9.01513296410992
1885-05-01,73.0,10.254924733165247
1885-06-01,83.7,10.90167854211039
1885-07-01,66.5,9.832204011457186
1885-08-01,50.0,8.626084230556398
1885-09-01,39.6,7.730311498535172
1885-10-01,38.7,7.646148247913488
1885-11-01,33.3,7.113498091386816
1885-12-01,21.7,5.751882278415527
1886-01-01,29.9,6.749907430858018
1886-02-01,25.9,6.287603966267146
1886-03-01,57.3,9.18662050323177
1886-04-01,43.7,8.099285571864183
1886-05-01,30.7,6.837682276590233
1886-06-01,27.1,6.430676991758532
1886-07-01,30.3,6.793974819435397
1886-08-01,16.9,5.054844215539718
1886-09-01,21.4,5.711259195222133
1886-10-01,8.6,3.485179220540611
1886-11-01,0.3,0.2750907092506739
1886-12-01,12.4,4.281721090538477
1887-01-01,10.3,3.862716224409485
1887-02-01,13.2,4.430199048682982
1887-03-01,4.2,2.2474389173292515
1887-04-01,6.9,3.061869264159988
1887-05-01,20.0,5.516918359789587
1887-06-01,15.7,4.862187379979131
1887-07-01,23.3,5.9629180344434
1887-08-01,21.4,5.711259195222133
1887-09-01,7.4,3.1919840418776584
1887-10-01,6.6,2.9812460316123195
1887-11-01,6.9,3.061869264159988
1887-12-01,20.7,5.615094729463352
1888-01-01,12.7,4.338050304968266
1888-02-01,7.1,3.114532066737756
1888-03-01,7.8,3.292539955020926
1888-04-01,5.1,2.5440019889105727
1888-05-01,7.0,3.088306278465748
1888-06-01,7.1,3.114532066737756
1888-07-01,3.1,1.836154415817476
1888-08-01,2.8,1.711880967452257
1888-09-01,8.8,3.5317163138058096
1888-10-01,2.1,1.395104714334436
1888-11-01,10.7,3.946161888380515
1888-12-01,6.7,3.0083437768313805
1889-01-01,0.8,0.6542601109426999
1889-02-01,8.5,3.4616771194746248
1889-03-01,7.0,3.088306278465748
1889-04-01,4.3,2.2819422206931366
1889-05-01,2.4,1.5359667805061132
1889-06-01,6.4,2.926356134057084
1889-07-01,9.7,3.7339157809785295
1889-08-01,20.6,5.601195204578693
1889-09-01,6.5,2.9539185012899667
1889-10-01,2.1,1.395104714334436
1889-11-01,0.2,0.18840804708066808
1889-12-01,6.7,3.0083437768313805
1890-01-01,5.3,2.6060246028675342
1890-02-01,0.6,0.5118933035552805
1890-03-01,5.1,2.5440019889105727
1890-04-01,1.6,1.1394393013950594
1890-05-01,4.8,2.448471792790681
1890-06-01,1.3,0.9705240621379022
1890-07-01,11.6,4.127439608641524
1890-08-01,8.5,3.4616771194746248
1890-09-01,17.2,5.101705067130647
1890-10-01,11.2,4.047933454448507
1890-11-01,9.6,3.712001719063418
1890-12-01,7.8,3.292539955020926
1891-01-01,13.5,4.484492265008238
1891-02-01,22.2,5.81882864038132
1891-03-01,10.4,3.883753103653031
1891-04-01,20.5,5.587254323134613
1891-05-01,41.1,7.86796240817423
1891-06-01,48.3,8.488249165830174
1891-07-01,58.8,9.296132708093058
1891-08-01,33.2,7.103142716686286
1891-09-01,53.8,8.923862235455777
1891-10-01,51.5,8.745275204498624
1891-11-01,41.9,7.940092138408619
1891-12-01,32.3,7.009057734040409
1892-01-01,69.1,10.004299309773483
1892-02-01,75.6,10.417331672403309
1892-03-01,49.9,8.61805861779547
1892-04-01,69.6,10.036922787223613
1892-05-01,79.6,10.660419969176642
1892-06-01,76.3,10.460450517490433
1892-07-01,76.8,10.491096506192621
1892-08-01,101.4,11.86502957790258
1892-09-01,62.8,9.579802316959267
1892-10-01,70.5,10.095273402025887
1892-11-01,65.4,9.758113440678079
1892-12-01,78.6,10.600387103066286
1893-01-01,75.0,10.380170953072282
1893-02-01,73.0,10.254924733165247
1893-03-01,65.7,9.77839759291142
1893-04-01,88.1,11.15239259785512
1893-05-01,84.7,10.95937988033672
1893-06-01,88.2,11.157997305393884
1893-07-01,88.8,11.191541163963576
1893-08-01,129.2,13.18207384751322
1893-09-01,77.9,10.55807555490448
1893-10-01,79.7,10.666396910793
1893-11-01,75.1,10.386377447688739
1893-12-01,93.8,11.465636354397997
1894-01-01,83.2,10.87266383916299
1894-02-01,84.6,10.953629253881047
1894-03-01,52.3,8.807951734204758
1894-04-01,81.6,10.77906696394392
1894-05-01,101.2,11.85476745967444
1894-06-01,98.9,11.735815652135624
1894-07-01,106.0,12.097591555864081
1894-08-01,70.3,10.08234751122017
1894-09-01,65.9,9.791887855225086
1894-10-01,75.5,10.411151223215128
1894-11-01,56.6,9.134895511670159
1894-12-01,60.0,9.382479830217559
1895-01-01,63.3,9.61445027374827
1895-02-01,67.2,9.878949922127914
1895-03-01,61.0,9.453606776033599
1895-04-01,76.9,10.497210525602455
1895-05-01,67.5,9.89888963597096
1895-06-01,71.5,10.15955723939663
1895-07-01,47.8,8.447130222704995
1895-08-01,68.9,9.991208109765214
1895-09-01,57.7,9.215998883551324
1895-10-01,67.9,9.925388938591547
1895-11-01,47.2,8.397429026369847
1895-12-01,70.7,10.108176111077077
1896-01-01,29.0,6.6493995853279
1896-02-01,57.4,9.193977194863082
1896-03-01,52.0,8.784519243282254
1896-04-01,43.8,8.108008058667677
1896-05-01,27.7,6.5007458416457045
1896-06-01,49.0,8.545368522879992
1896-07-01,45.0,8.211716897240478
1896-08-01,27.2,6.442421360173451
1896-09-01,61.3,9.47480115418008
1896-10-01,28.4,6.581314766620007
1896-11-01,38.0,7.579837533448391
1896-12-01,42.6,8.002500858671645
1897-01-01,40.6,7.82243366354559
1897-02-01,29.4,6.694305313867084
1897-03-01,29.1,6.6606618657525285
1897-04-01,31.0,6.870231141259018
1897-05-01,20.0,5.516918359789587
1897-06-01,11.3,4.067964983429101
1897-07-01,27.6,6.489133418262547
1897-08-01,21.8,5.7653466996060585
1897-09-01,48.1,8.471833848624058
1897-10-01,14.3,4.625836703827817
1897-11-01,8.4,3.4380157197111827
1897-12-01,33.3,7.113498091386816
1898-01-01,30.2,6.782992011474304
1898-02-01,36.4,7.425347878348672
1898-03-01,38.3,7.608349169114276
1898-04-01,14.5,4.660428105455554
1898-05-01,25.8,6.275497789838319
1898-06-01,22.3,5.83210652113331
1898-07-01,9.0,3.577647853142121
1898-08-01,31.4,6.913326441675008
1898-09-01,34.8,7.266556412894563
1898-10-01,34.4,7.226149672727555
1898-11-01,30.9,6.859403361326322
1898-12-01,12.6,4.319362648067406
1899-01-01,19.5,5.445499328524481
1899-02-01,9.2,3.6229935972346228
1899-03-01,18.1,5.239380671388352
1899-04-01,14.2,4.608432118744499
1899-05-01,7.7,3.2676806066085593
1899-06-01,20.5,5.587254323134613
1899-07-01,13.5,4.484492265008238
1899-08-01,2.9,1.7539833274943735
1899-09-01,8.4,3.4380157197111827
1899-10-01,13.0,4.393593410179508
1899-11-01,7.8,3.292539955020926
1899-12-01,10.5,3.904671892968572
1900-01-01,9.4,3.6677722875318635
1900-02-01,13.6,4.502429661096142
1900-03-01,8.6,3.485179220540611
1900-04-01,16.0,4.9111634629482905
1900-05-01,15.2,4.779290123339602
1900-06-01,12.1,4.224576659961703
1900-07-01,8.3,3.4141922294447205
1900-08-01,4.3,2.2819422206931366
1900-09-01,8.3,3.4141922294447205
1900-10-01,12.9,4.375164659293523
1900-11-01,4.5,2.349715534253456
1900-12-01,0.3,0.2750907092506739
1901-01-01,0.2,0.18840804708066808
1901-02-01,2.4,1.5359667805061132
1901-03-01,4.5,2.349715534253456
1901-04-01,0.0,0.0
1901-05-01,10.2,3.841559534635019
1901-06-01,5.8,2.7557434353853294
1901-07-01,0.7,0.5844211127880684
1901-08-01,1.0,0.7868033360368882
1901-09-01,0.6,0.5118933035552805
1901-10-01,3.7,2.0682062144692477
1901-11-01,3.8,2.1049983802392207
1901-12-01,0.0,0.0
1902-01-01,5.2,2.5751737941128146
1902-02-01,0.0,0.0
1902-03-01,12.4,4.281721090538477
1902-04-01,0.0,0.0
1902-05-01,2.8,1.711880967452257
1902-06-01,1.4,1.0283216837285105
1902-07-01,0.9,0.7216514670575719
1902-08-01,2.3,1.489932522872229
1902-09-01,7.6,3.242637207816315
1902-10-01,16.3,4.9595880020594745
1902-11-01,10.3,3.862716224409485
1902-12-01,1.1,0.8498967834780194
1903-01-01,8.3,3.4141922294447205
1903-02-01,17.0,5.070520118918722
1903-03-01,13.5,4.484492265008238
1903-04-01,26.1,6.311729955645784
1903-05-01,14.6,4.677616458807744
1903-06-01,16.3,4.9595880020594745
1903-07-01,27.9,6.523893027285007
1903-08-01,28.8,6.6268025412011236
1903-09-01,11.1,4.02779627917377
1903-10-01,38.9,7.664956179833445
1903-11-01,44.5,8.16871841102604
1903-12-01,45.6,8.26292100919851
1904-01-01,31.6,6.934746129893826
1904-02-01,24.5,6.115409524658859
1904-03-01,37.2,7.5031118074014005
1904-04-01,43.0,8.03787468367778
1904-05-01,39.5,7.721019530844718
1904-06-01,41.9,7.940092138408619
1904-07-01,50.6,8.674027099135799
1904-08-01,58.2,9.252541758199783
1904-09-01,30.1,6.771986590557237
1904-10-01,54.2,8.954427058927385
1904-11-01,38.0,7.579837533448391
1904-12-01,54.6,8.9848500781396
1905-01-01,54.8,9.000008934579933
1905-02-01,85.8,11.022354473224782
1905-03-01,56.5,9.127473356090874
1905-04-01,39.3,7.702391330733647
1905-05-01,48.0,8.463610096011214
1905-06-01,49.0,8.545368522879992
1905-07-01,73.0,10.254924733165247
1905-08-01,58.8,9.296132708093058
1905-09-01,55.0,9.01513296410992
1905-10-01,78.7,10.606412092299637
1905-11-01,107.2,12.15720074476572
1905-12-01,55.5,9.052792004035535
1906-01-01,45.5,8.254416491890924
1906-02-01,31.3,6.902584769612747
1906-03-01,64.5,9.696905839197393
1906-04-01,55.3,9.037754153603894
1906-05-01,57.7,9.215998883551324
1906-06-01,63.2,9.607534550411003
1906-07-01,103.6,11.977073440194252
1906-08-01,47.7,8.43887402940233
1906-09-01,56.1,9.09770161490035
1906-10-01,17.8,5.1939605080814015
1906-11-01,38.9,7.664956179833445
1906-12-01,64.7,9.71055394818207
1907-01-01,76.4,10.466589869848105
1907-02-01,108.2,12.206551808946722
1907-03-01,60.7,9.432346483869978
1907-04-01,52.6,8.831299739607386
1907-05-01,42.9,8.029050638500737
1907-06-01,40.4,7.804123846521608
1907-07-01,49.7,8.601976985203272
1907-08-01,54.3,8.962046042060212
1907-09-01,85.0,10.976605965610966
1907-10-01,65.4,9.758113440678079
1907-11-01,61.5,9.488894377917408
1907-12-01,47.3,8.405740022184258
1908-01-01,39.2,7.693054978068288
1908-02-01,33.9,7.175227067751323
1908-03-01,28.7,6.615467511198411
1908-04-01,57.6,9.208666362412352
1908-05-01,40.8,7.840687077343121
1908-06-01,48.1,8.471833848624058
1908-07-01,39.5,7.721019530844718
1908-08-01,90.5,11.285807863647598
1908-09-01,86.9,11.084818984441373
1908-10-01,32.3,7.009057734040409
1908-11-01,45.5,8.254416491890924
1908-12-01,39.5,7.721019530844718
1909-01-01,56.7,9.142309402745271
1909-02-01,46.6,8.347329197653856
1909-03-01,66.3,9.818790938591622
1909-04-01,32.3,7.009057734040409
1909-05-01,36.0,7.3860651954829635
1909-06-01,22.6,5.871722065636923
1909-07-01,35.8,7.366321602741075
1909-08-01,23.1,5.937035993673021
1909-09-01,38.8,7.655559795272211
1909-10-01,58.4,9.267103446722478
1909-11-01,55.8,9.075284863906585
1909-12-01,54.2,8.954427058927385
1910-01-01,26.4,6.3477056334344315
1910-02-01,31.5,6.9240468593485955
1910-03-01,21.4,5.711259195222133
1910-04-01,8.4,3.4380157197111827
1910-05-01,22.2,5.81882864038132
1910-06-01,12.3,4.262765013678464
1910-07-01,14.1,4.590953897324071
1910-08-01,11.5,4.107716698461708
1910-09-01,26.2,6.323750117272262
1910-10-01,38.3,7.608349169114276
1910-11-01,4.9,2.480660262492588
1910-12-01,5.8,2.7557434353853294
1911-01-01,3.4,1.9547208209791662
1911-02-01,9.0,3.577647853142121
1911-03-01,7.8,3.292539955020926
1911-04-01,16.5,4.991572356032792
1911-05-01,9.0,3.577647853142121
1911-06-01,2.2,1.4429941239820736
1911-07-01,3.5,1.9930861554571178
1911-08-01,4.0,2.177133001278095
1911-09-01,4.0,2.177133001278095
1911-10-01,2.6,1.6254926776219774
1911-11-01,4.2,2.2474389173292515
1911-12-01,2.2,1.4429941239820736
1912-01-01,0.3,0.2750907092506739
1912-02-01,0.0,0.0
1912-03-01,4.9,2.480660262492588
1912-04-01,4.5,2.349715534253456
1912-05-01,4.4,2.31603024224631
1912-06-01,4.1,2.2125071381482124
1912-07-01,3.0,1.7953984816387305
1912-08-01,0.3,0.2750907092506739
1912-09-01,9.5,3.689954583616461
1912-10-01,4.6,2.3830100494903506
1912-11-01,1.1,0.8498967834780194
1912-12-01,6.4,2.926356134057084
1913-01-01,2.3,1.489932522872229
1913-02-01,2.9,1.7539833274943735
1913-03-01,0.5,0.43639481722094686
1913-04-01,0.9,0.7216514670575719
1913-05-01,0.0,0.0
1913-06-01,0.0,0.0
1913-07-01,1.7,1.1929472758318471
1913-08-01,0.2,0.18840804708066808
1913-09-01,1.2,0.9110904185643923
1913-10-01,3.1,1.836154415817476
1913-11-01,0.7,0.5844211127880684
1913-12-01,3.8,2.1049983802392207
1914-01-01,2.8,1.711880967452257
1914-02-01,2.6,1.6254926776219774
1914-03-01,3.1,1.836154415817476
1914-04-01,17.3,5.117215114890821
1914-05-01,5.2,2.5751737941128146
1914-06-01,11.4,4.087892272575777
1914-07-01,5.4,2.6365627383179016
1914-08-01,7.7,3.2676806066085593
1914-09-01,12.7,4.338050304968266
1914-10-01,8.2,3.3902037772882303
1914-11-01,16.4,4.975609669527265
1914-12-01,22.3,5.83210652113331
1915-01-01,23.0,5.924043264170687
1915-02-01,42.3,7.975833586313033
1915-03-01,38.8,7.655559795272211
1915-04-01,41.3,7.886076737189735
1915-05-01,33.0,7.0823735263424155
1915-06-01,68.8,9.984653494600057
1915-07-01,71.6,10.165954253277109
1915-08-01,69.6,10.036922787223613
1915-09-01,49.5,8.585854590719588
1915-10-01,53.5,8.900844535394691
1915-11-01,42.5,7.993624888252981
1915-12-01,34.5,7.2362787140345874
1916-01-01,45.3,8.237372181121422
1916-02-01,55.4,9.045277356396046
1916-03-01,67.0,9.865625489979887
1916-04-01,71.8,10.17873133788868
1916-05-01,74.5,10.349059609789505
1916-06-01,67.7,9.912151663821117
1916-07-01,53.5,8.900844535394691
1916-08-01,35.2,7.306674459249306
1916-09-01,45.1,8.22028055706017
1916-10-01,50.7,8.681982741136547
1916-11-01,65.6,9.771642726022352
1916-12-01,53.0,8.862300329307203
1917-01-01,74.7,10.361519966721572
1917-02-01,71.9,10.18511143408906
1917-03-01,94.8,11.519334981179568
1917-04-01,74.7,10.361519966721572
1917-05-01,114.1,12.491976554320363
1917-06-01,114.9,12.529949537496803
1917-07-01,119.8,12.758940884539378
1917-08-01,154.5,14.231311424658314
1917-09-01,129.4,13.19086025677202
1917-10-01,72.2,10.204218090117385
1917-11-01,96.4,11.604509604635625
1917-12-01,129.3,13.186468133969871
1918-01-01,96.0,11.58330063215197
1918-02-01,65.3,9.751338989990986
1918-03-01,72.2,10.204218090117385
1918-04-01,80.5,10.714042214805175
1918-05-01,76.7,10.484977441594864
1918-06-01,59.4,9.339443882642707
1918-07-01,107.6,12.176976150413651
1918-08-01,101.7,11.880398666415614
1918-09-01,79.9,10.678336550715187
1918-10-01,85.0,10.976605965610966
1918-11-01,83.4,10.884282953455124
1918-12-01,59.2,9.325037627379988
1919-01-01,48.1,8.471833848624058
1919-02-01,79.5,10.654438266892573
1919-03-01,66.5,9.832204011457186
1919-04-01,51.8,8.768850258335997
1919-05-01,88.1,11.15239259785512
1919-06-01,111.2,12.352887046098314
1919-07-01,64.7,9.71055394818207
1919-08-01,69.0,9.997756710122948
1919-09-01,54.7,8.992433872547071
1919-10-01,52.8,8.846818523296607
1919-11-01,42.0,7.949047482002575
1919-12-01,34.9,7.276612783046333
1920-01-01,51.1,8.713706932467748
1920-02-01,53.9,8.931516828063053
1920-03-01,70.2,10.07587583929927
1920-04-01,14.8,4.711782215580508
1920-05-01,33.3,7.113498091386816
1920-06-01,38.7,7.646148247913488
1920-07-01,27.5,6.477494909559055
1920-08-01,19.2,5.402109968466642
1920-09-01,36.3,7.415552582537453
1920-10-01,49.6,8.593920899718418
1920-11-01,27.2,6.442421360173451
1920-12-01,29.9,6.749907430858018
1921-01-01,31.5,6.9240468593485955
1921-02-01,28.3,6.569880842371008
1921-03-01,26.7,6.38342941763253
1921-04-01,32.4,7.019591586725714
1921-05-01,22.2,5.81882864038132
1921-06-01,33.7,7.15472694888189
1921-07-01,41.9,7.940092138408619
1921-08-01,22.8,5.897953203575816
1921-09-01,17.8,5.1939605080814015
1921-10-01,18.2,5.254418917200196
1921-11-01,17.8,5.1939605080814015
1921-12-01,20.3,5.559247221576563
1922-01-01,11.8,4.166586131997811
1922-02-01,26.4,6.3477056334344315
1922-03-01,54.7,8.992433872547071
1922-04-01,11.0,4.007552020355664
1922-05-01,8.0,3.341720084719867
1922-06-01,5.8,2.7557434353853294
1922-07-01,10.9,3.9871992090190598
1922-08-01,6.5,2.9539185012899667
1922-09-01,4.7,2.415925180013673
1922-10-01,6.2,2.870505766835939
1922-11-01,7.4,3.1919840418776584
1922-12-01,17.5,5.148072811013624
1923-01-01,4.5,2.349715534253456
1923-02-01,1.5,1.0845937773675063
1923-03-01,3.3,1.9157917738295651
1923-04-01,6.1,2.8422067206181953
1923-05-01,3.2,1.8762773263179382
1923-06-01,9.1,3.600392755273514
1923-07-01,3.5,1.9930861554571178
1923-08-01,0.5,0.43639481722094686
1923-09-01,13.2,4.430199048682982
1923-10-01,11.6,4.127439608641524
1923-11-01,10.0,3.798879636234685
1923-12-01,2.8,1.711880967452257
1924-01-01,0.5,0.43639481722094686
1924-02-01,5.1,2.5440019889105727
1924-03-01,1.8,1.2451981081073407
1924-04-01,11.3,4.067964983429101
1924-05-01,20.8,5.628953210214389
1924-06-01,24.0,6.052443340112651
1924-07-01,28.1,6.546937642591123
1924-08-01,19.3,5.416618759148465
1924-09-01,25.1,6.189931775396747
1924-10-01,25.6,6.251198188877086
1924-11-01,22.5,5.85855297932691
1924-12-01,16.5,4.991572356032792
1925-01-01,5.5,2.666796181731761
1925-02-01,23.2,5.949994172402845
1925-03-01,18.0,5.224291814325931
1925-04-01,31.7,6.94542435970269
1925-05-01,42.8,8.02021368493568
1925-06-01,47.5,8.422328946494858
1925-07-01,38.5,7.627279413368284
1925-08-01,37.9,7.570302388876159
1925-09-01,60.2,9.396764753612917
1925-10-01,69.2,10.010835922763937
1925-11-01,58.6,9.28163370569872
1925-12-01,98.6,11.72017108826987
1926-01-01,71.8,10.17873133788868
1926-02-01,70.0,10.06291497526746
1926-03-01,62.5,9.558929834404085
1926-04-01,38.5,7.627279413368284
1926-05-01,64.3,9.683230960822252
1926-06-01,73.5,10.286437966082476
1926-07-01,52.3,8.807951734204758
1926-08-01,61.6,9.495930138598421
1926-09-01,60.8,9.439440604094958
1926-10-01,71.5,10.15955723939663
1926-11-01,60.5,9.41813607690326
1926-12-01,79.4,10.648451794227945
1927-01-01,81.6,10.77906696394392
1927-02-01,93.0,11.422415142814641
1927-03-01,69.6,10.036922787223613
1927-04-01,93.5,11.449455929461227
1927-05-01,79.1,10.630463656342489
1927-06-01,59.1,9.317822980201266
1927-07-01,54.9,9.007575289915527
1927-08-01,53.8,8.923862235455777
1927-09-01,68.4,9.958374601986158
1927-10-01,63.1,9.60061191082288
1927-11-01,67.2,9.878949922127914
1927-12-01,45.2,8.228832304252991
1928-01-01,83.5,10.890085885472212
1928-02-01,73.5,10.286437966082476
1928-03-01,85.4,10.999514198822688
1928-04-01,80.6,10.719976742292916
1928-05-01,76.9,10.497210525602455
1928-06-01,91.4,11.335259266391601
1928-07-01,98.0,11.688791003509092
1928-08-01,83.8,10.90746828379606
1928-09-01,89.7,11.241588340630928
1928-10-01,61.4,9.481851389453263
1928-11-01,50.3,8.650100645060672
1928-12-01,59.0,9.310600625343492
1929-01-01,68.9,9.991208109765214
1929-02-01,64.1,9.669529178320321
1929-03-01,50.2,8.642105211868875
1929-04-01,52.8,8.846818523296607
1929-05-01,58.2,9.252541758199783
1929-06-01,71.9,10.18511143408906
1929-07-01,70.2,10.07587583929927
1929-08-01,65.8,9.785145963993354
1929-09-01,34.4,7.226149672727555
1929-10-01,54.0,8.939162478414227
1929-11-01,81.1,10.749579587739138
1929-12-01,108.0,12.196704869213502
1930-01-01,65.3,9.751338989990986
1930-02-01,49.2,8.561593989193229
1930-03-01,35.0,7.286651193034445
1930-04-01,38.2,7.5988608580191785
1930-05-01,36.8,7.464361864867213
1930-06-01,28.8,6.6268025412011236
1930-07-01,21.9,5.778773277018357
1930-08-01,24.9,6.165214340444714
1930-09-01,32.1,6.98792896956
1930-10-01,34.4,7.226149672727555
1930-11-01,35.6,7.346509030570545
1930-12-01,25.8,6.275497789838319
1931-01-01,14.6,4.677616458807744
1931-02-01,43.1,8.046685868595562
1931-03-01,30.0,6.760958437189743
1931-04-01,31.2,6.891821735023366
1931-05-01,24.6,6.12790746458868
1931-06-01,15.3,4.7959995852291675
1931-07-01,17.4,5.132670868318965
1931-08-01,13.0,4.393593410179508
1931-09-01,19.0,5.372953511158692
1931-10-01,10.0,3.798879636234685
1931-11-01,18.7,5.3288658946175325
1931-12-01,17.8,5.1939605080814015
1932-01-01,12.1,4.224576659961703
1932-02-01,10.6,3.925474273542852
1932-03-01,11.2,4.047933454448507
1932-04-01,11.2,4.047933454448507
1932-05-01,17.9,5.209151907954295
1932-06-01,22.2,5.81882864038132
1932-07-01,9.6,3.712001719063418
1932-08-01,6.8,3.03521661614333
1932-09-01,4.0,2.177133001278095
1932-10-01,8.9,3.554756518080658
1932-11-01,8.2,3.3902037772882303
1932-12-01,11.0,4.007552020355664
1933-01-01,12.3,4.262765013678464
1933-02-01,22.2,5.81882864038132
1933-03-01,10.1,3.8202812730251785
1933-04-01,2.9,1.7539833274943735
1933-05-01,3.2,1.8762773263179382
1933-06-01,5.2,2.5751737941128146
1933-07-01,2.8,1.711880967452257
1933-08-01,0.2,0.18840804708066808
1933-09-01,5.1,2.5440019889105727
1933-10-01,3.0,1.7953984816387305
1933-11-01,0.6,0.5118933035552805
1933-12-01,0.3,0.2750907092506739
1934-01-01,3.4,1.9547208209791662
1934-02-01,7.8,3.292539955020926
1934-03-01,4.3,2.2819422206931366
1934-04-01,11.3,4.067964983429101
1934-05-01,19.7,5.474199644689796
1934-06-01,6.7,3.0083437768313805
1934-07-01,9.3,3.6454526905226965
1934-08-01,8.3,3.4141922294447205
1934-09-01,4.0,2.177133001278095
1934-10-01,5.7,2.7263793211849645
1934-11-01,8.7,3.508524738142275
1934-12-01,15.4,4.81264339108008
1935-01-01,18.9,5.358305084173713
1935-02-01,20.5,5.587254323134613
1935-03-01,23.1,5.937035993673021
1935-04-01,12.2,4.243717251193794
1935-05-01,27.3,6.454139033057934
1935-06-01,45.7,8.271413822998465
1935-07-01,33.9,7.175227067751323
1935-08-01,30.1,6.771986590557237
1935-09-01,42.1,7.957989470681317
1935-10-01,53.2,8.877745382215002
1935-11-01,64.2,9.676383441050769
1935-12-01,61.5,9.488894377917408
1936-01-01,62.8,9.579802316959267
1936-02-01,74.3,10.336578052936694
1936-03-01,77.1,10.509423471335422
1936-04-01,74.9,10.373959215608966
1936-05-01,54.6,8.9848500781396
1936-06-01,70.0,10.06291497526746
1936-07-01,52.3,8.807951734204758
1936-08-01,87.0,11.090472646525507
1936-09-01,76.0,10.442001823739803
1936-10-01,89.0,11.202690479199209
1936-11-01,115.4,12.553597304336026
1936-12-01,123.4,12.923407047338266
1937-01-01,132.5,13.325957527697808
1937-02-01,128.5,13.15125303006389
1937-03-01,83.9,10.913253645724884
1937-04-01,109.3,12.260504151375317
1937-05-01,116.7,12.614777981370146
1937-06-01,130.3,13.23029244508091
1937-07-01,145.1,13.855247847571427
1937-08-01,137.7,13.548122257285241
1937-09-01,100.7,11.829055655125362
1937-10-01,124.9,12.991033144603366
1937-11-01,74.4,10.342821487120577
1937-12-01,88.8,11.191541163963576
1938-01-01,98.4,11.709724572212501
1938-02-01,119.2,12.731225270932796
1938-03-01,86.5,11.062162968220276
1938-04-01,101.0,11.844492445890744
1938-05-01,127.4,13.102603568348316
1938-06-01,97.5,11.662547573355647
1938-07-01,165.3,14.645789293894918
1938-08-01,115.7,12.567754688523546
1938-09-01,89.6,11.236043325963204
1938-10-01,99.1,11.74622861898553
1938-11-01,122.2,12.868928435046344
1938-12-01,92.7,11.40614634154802
1939-01-01,80.3,10.702159126401883
1939-02-01,77.4,10.5277053155662
1939-03-01,64.6,9.703733231484945
1939-04-01,109.1,12.25072040083573
1939-05-01,118.3,12.689484888662216
1939-06-01,101.0,11.844492445890744
1939-07-01,97.6,11.667803086797752
1939-08-01,105.8,12.087615045054232
1939-09-01,112.6,12.420318141394697
1939-10-01,88.1,11.15239259785512
1939-11-01,68.1,9.938601578134524
1939-12-01,42.1,7.957989470681317
1940-01-01,50.5,8.66606155686996
1940-02-01,59.4,9.339443882642707
1940-03-01,83.3,10.878475607551799
1940-04-01,60.7,9.432346483869978
1940-05-01,54.4,8.969656188880299
1940-06-01,83.9,10.913253645724884
1940-07-01,67.5,9.89888963597096
1940-08-01,105.5,12.07262777411262
1940-09-01,66.5,9.832204011457186
1940-10-01,55.0,9.01513296410992
1940-11-01,58.4,9.267103446722478
1940-12-01,68.3,9.951789699402042
1941-01-01,45.6,8.26292100919851
1941-02-01,44.5,8.16871841102604
1941-03-01,46.4,8.330539246065602
1941-04-01,32.8,7.06152578625547
1941-05-01,29.5,6.705472429256619
1941-06-01,59.8,9.368164819265786
1941-07-01,66.9,9.85895384171317
1941-08-01,60.0,9.382479830217559
1941-09-01,65.9,9.791887855225086
1941-10-01,46.3,8.322127218455744
1941-11-01,38.3,7.608349169114276
1941-12-01,33.7,7.15472694888189
1942-01-01,35.6,7.346509030570545
1942-02-01,52.8,8.846818523296607
1942-03-01,54.2,8.954427058927385
1942-04-01,60.7,9.432346483869978
1942-05-01,25.0,6.177588309755908
1942-06-01,11.4,4.087892272575777
1942-07-01,17.7,5.1787171642627925
1942-08-01,20.2,5.545180357124567
1942-09-01,17.2,5.101705067130647
1942-10-01,19.2,5.402109968466642
1942-11-01,30.7,6.837682276590233
1942-12-01,22.5,5.85855297932691
1943-01-01,12.4,4.281721090538477
1943-02-01,28.9,6.6381131879981226
1943-03-01,27.4,6.465830165102168
1943-04-01,26.1,6.311729955645784
1943-05-01,14.1,4.590953897324071
1943-06-01,7.6,3.242637207816315
1943-07-01,13.2,4.430199048682982
1943-08-01,19.4,5.431081756516382
1943-09-01,10.0,3.798879636234685
1943-10-01,7.8,3.292539955020926
1943-11-01,10.2,3.841559534635019
1943-12-01,18.8,5.343609342976042
1944-01-01,3.7,2.0682062144692477
1944-02-01,0.5,0.43639481722094686
1944-03-01,11.0,4.007552020355664
1944-04-01,0.3,0.2750907092506739
1944-05-01,2.5,1.581140157455109
1944-06-01,5.0,2.5125005017214352
1944-07-01,5.0,2.5125005017214352
1944-08-01,16.7,5.023322987125707
1944-09-01,14.3,4.625836703827817
1944-10-01,16.9,5.054844215539718
1944-11-01,10.8,3.9667363434893543
1944-12-01,28.4,6.581314766620007
1945-01-01,18.5,5.299234278137175
1945-02-01,12.7,4.338050304968266
1945-03-01,21.5,5.724838805147992
1945-04-01,32.0,6.977333855807987
1945-05-01,30.6,6.826788745484602
1945-06-01,36.2,7.405740419879241
1945-07-01,42.6,8.002500858671645
1945-08-01,25.9,6.287603966267146
1945-09-01,34.9,7.276612783046333
1945-10-01,68.8,9.984653494600057
1945-11-01,46.0,8.296822453346905
1945-12-01,27.4,6.465830165102168
1946-01-01,47.6,8.430606949598745
1946-02-01,86.2,11.045127302208252
1946-03-01,76.6,10.478853321144765
1946-04-01,75.7,10.423506945995387
1946-05-01,84.9,10.970868227981027
1946-06-01,73.5,10.286437966082476
1946-07-01,116.2,12.591298519520226
1946-08-01,107.2,12.15720074476572
1946-09-01,94.4,11.497898897060564
1946-10-01,102.3,11.911050630450312
1946-11-01,123.8,12.941491610353351
1946-12-01,121.7,12.84612850891237
1947-01-01,115.7,12.567754688523546
1947-02-01,113.4,12.45861101119142
1947-03-01,129.8,13.20840716582013
1947-04-01,149.8,14.045160368787396
1947-05-01,201.3,15.913972743072396
1947-06-01,163.9,14.593054566120479
1947-07-01,157.9,14.363734354850118
1947-08-01,188.8,15.49138973682331
1947-09-01,169.4,14.798606526968118
1947-10-01,163.6,14.581716921719494
1947-11-01,128.0,13.129172646088694
1947-12-01,116.5,12.60539389212273
1948-01-01,108.5,12.221300542075348
1948-02-01,86.1,11.039440390128853
1948-03-01,94.8,11.519334981179568
1948-04-01,189.7,15.522402249075277
1948-05-01,174.0,14.96727685284
1948-06-01,167.8,14.739254282046904
1948-07-01,142.2,13.736104642897653
1948-08-01,157.9,14.363734354850118
1948-09-01,143.3,13.781477578154949
1948-10-01,136.3,13.48884199530537
1948-11-01,95.8,11.572675094779942
1948-12-01,138.0,13.560775158051696
1949-01-01,119.1,12.726597376274773
1949-02-01,182.3,15.264557864178563
1949-03-01,157.5,14.348250156077588
1949-04-01,147.0,13.932486419284277
1949-05-01,106.2,12.107556107101926
1949-06-01,121.7,12.84612850891237
1949-07-01,125.8,13.031360916875466
1949-08-01,123.8,12.941491610353351
1949-09-01,145.3,13.8634084671289
1949-10-01,131.6,13.286945007985478
1949-11-01,143.5,13.78970333264797
1949-12-01,117.6,12.656880230275556
1950-01-01,101.6,11.875278841898902
1950-02-01,94.8,11.519334981179568
1950-03-01,109.7,12.280037552837788
1950-04-01,113.4,12.45861101119142
1950-05-01,106.2,12.107556107101926
1950-06-01,83.6,10.89588441217543
1950-07-01,91.0,11.313319201273458
1950-08-01,85.2,10.988068609400496
1950-09-01,51.3,8.72951043587572
1950-10-01,61.4,9.481851389453263
1950-11-01,54.8,9.000008934579933
1950-12-01,54.1,8.946799213186033
1951-01-01,59.9,9.375326095819254
1951-02-01,59.9,9.375326095819254
1951-03-01,59.9,9.375326095819254
1951-04-01,92.9,11.416995916075303
1951-05-01,108.5,12.221300542075348
1951-06-01,100.6,11.823903565289234
1951-07-01,61.5,9.488894377917408
1951-08-01,61.0,9.453606776033599
1951-09-01,83.1,10.86684763966247
1951-10-01,51.6,8.753143138973345
1951-11-01,52.4,8.815743751447355
1951-12-01,45.8,8.279894974406007
1952-01-01,40.7,7.831567393067541
1952-02-01,22.7,5.884855391258214
1952-03-01,22.0,5.792162281580834
1952-04-01,29.1,6.6606618657525285
1952-05-01,23.4,5.975807811336477
1952-06-01,36.4,7.425347878348672
1952-07-01,39.3,7.702391330733647
1952-08-01,54.9,9.007575289915527
1952-09-01,28.2,6.558421848064155
1952-10-01,23.8,6.027030611420362
1952-11-01,22.1,5.805513981114384
1952-12-01,34.3,7.216002252906476
1953-01-01,26.5,6.359641326615563
1953-02-01,3.9,2.141301886547164
1953-03-01,10.0,3.798879636234685
1953-04-01,27.8,6.512332328758442
1953-05-01,12.5,4.300586602413947
1953-06-01,21.8,5.7653466996060585
1953-07-01,8.6,3.485179220540611
1953-08-01,23.5,5.988663732120292
1953-09-01,19.3,5.416618759148465
1953-10-01,8.2,3.3902037772882303
1953-11-01,1.6,1.1394393013950594
1953-12-01,2.5,1.581140157455109
1954-01-01,0.2,0.18840804708066808
1954-02-01,0.5,0.43639481722094686
1954-03-01,10.9,3.9871992090190598
1954-04-01,1.8,1.2451981081073407
1954-05-01,0.8,0.6542601109426999
1954-06-01,0.2,0.18840804708066808
1954-07-01,4.8,2.448471792790681
1954-08-01,8.4,3.4380157197111827
1954-09-01,1.5,1.0845937773675063
1954-10-01,7.0,3.088306278465748
1954-11-01,9.2,3.6229935972346228
1954-12-01,7.6,3.242637207816315
1955-01-01,23.1,5.937035993673021
1955-02-01,20.8,5.628953210214389
1955-03-01,4.9,2.480660262492588
1955-04-01,11.3,4.067964983429101
1955-05-01,28.9,6.6381131879981226
1955-06-01,31.7,6.94542435970269
1955-07-01,26.7,6.38342941763253
1955-08-01,40.7,7.831567393067541
1955-09-01,42.7,8.01136377456337
1955-10-01,58.5,9.274372494057625
1955-11-01,89.2,11.213823906136971
1955-12-01,76.9,10.497210525602455
1956-01-01,73.6,10.292724312904506
1956-02-01,124.0,12.950519945199067
1956-03-01,118.4,12.69413266631083
1956-04-01,110.7,12.32867370766072
1956-05-01,136.6,13.501577449483753
1956-06-01,116.6,12.610087216940249
1956-07-01,129.1,13.177677394673177
1956-08-01,169.6,14.80600037395341
1956-09-01,173.2,14.93814901249046
1956-10-01,155.3,14.262635639283852
1956-11-01,201.3,15.913972743072396
1956-12-01,192.1,15.60464574427221
1957-01-01,165.0,14.634513048185239
1957-02-01,130.2,13.225919673276382
1957-03-01,157.4,14.344375189034189
1957-04-01,175.2,15.010808828239485
1957-05-01,164.6,14.61945769241257
1957-06-01,200.7,15.894077769250218
1957-07-01,187.2,15.436022539601474
1957-08-01,158.0,14.36760149528949
1957-09-01,235.8,16.99955793513043
1957-10-01,253.8,17.5259047056147
1957-11-01,210.9,16.227268896655303
1957-12-01,239.4,17.10683074022204
1958-01-01,202.5,15.95364938397604
1958-02-01,164.9,14.630751393708728
1958-03-01,190.7,15.556750635036268
1958-04-01,196.0,15.736903734804851
1958-05-01,175.3,15.014427894373606
1958-06-01,171.5,14.875966094714986
1958-07-01,191.4,15.580726145720826
1958-08-01,200.2,15.877469593052949
1958-09-01,201.2,15.910659546166766
1958-10-01,181.5,15.236285316633627
1958-11-01,152.3,14.144633051330073
1958-12-01,187.6,15.449892570650196
1959-01-01,217.4,16.434257197955745
1959-02-01,143.1,13.773244504125213
1959-03-01,185.7,15.383840780023515
1959-04-01,163.3,14.570366008891948
1959-05-01,172.0,14.894295856158493
1959-06-01,168.7,14.772684119015949
1959-07-01,149.6,14.037156974392213
1959-08-01,199.6,15.857504782746036
1959-09-01,145.2,13.859329052852358
1959-10-01,111.4,12.362552992446387
1959-11-01,124.0,12.950519945199067
1959-12-01,125.0,12.995523125303423
1960-01-01,146.3,13.904104544925397
1960-02-01,106.0,12.097591555864081
1960-03-01,102.2,11.905949918553446
1960-04-01,122.0,12.859815603154235
1960-05-01,119.6,12.749712182259515
1960-06-01,110.2,12.3043907148823
1960-07-01,121.7,12.84612850891237
1960-08-01,134.1,13.394898462121004
1960-09-01,127.2,13.093729507495315
1960-10-01,82.8,10.849372367820978
1960-11-01,89.6,11.236043325963204
1960-12-01,85.6,11.01094279864118
1961-01-01,57.9,9.230639912848483
1961-02-01,46.1,8.305268861958258
1961-03-01,53.0,8.862300329307203
1961-04-01,61.4,9.481851389453263
1961-05-01,51.0,8.705790578935892
1961-06-01,77.4,10.5277053155662
1961-07-01,70.2,10.07587583929927
1961-08-01,55.9,9.0827655382275
1961-09-01,63.6,9.635156122393433
1961-10-01,37.7,7.551184804070214
1961-11-01,32.6,7.040598731905025
1961-12-01,40.0,7.767333204901581
1962-01-01,38.7,7.646148247913488
1962-02-01,50.3,8.650100645060672
1962-03-01,45.6,8.26292100919851
1962-04-01,46.4,8.330539246065602
1962-05-01,43.7,8.099285571864183
1962-06-01,42.0,7.949047482002575
1962-07-01,21.8,5.7653466996060585
1962-08-01,21.8,5.7653466996060585
1962-09-01,51.3,8.72951043587572
1962-10-01,39.5,7.721019530844718
1962-11-01,26.9,6.407107542277977
1962-12-01,23.2,5.949994172402845
1963-01-01,19.8,5.4884831014162305
1963-02-01,24.4,6.102880092952832
1963-03-01,17.1,5.086140234407981
1963-04-01,29.3,6.68311460033765
1963-05-01,43.0,8.03787468367778
1963-06-01,35.9,7.376201983142838
1963-07-01,19.6,5.459871838392583
1963-08-01,33.2,7.103142716686286
1963-09-01,38.8,7.655559795272211
1963-10-01,35.3,7.316659477351116
1963-11-01,23.4,5.975807811336477
1963-12-01,14.9,4.728761079438743
1964-01-01,15.3,4.7959995852291675
1964-02-01,17.7,5.1787171642627925
1964-03-01,16.5,4.991572356032792
1964-04-01,8.6,3.485179220540611
1964-05-01,9.5,3.689954583616461
1964-06-01,9.1,3.600392755273514
1964-07-01,3.1,1.836154415817476
1964-08-01,9.3,3.6454526905226965
1964-09-01,4.7,2.415925180013673
1964-10-01,6.1,2.8422067206181953
1964-11-01,7.4,3.1919840418776584
1964-12-01,15.1,4.762514338717011
1965-01-01,17.5,5.148072811013624
1965-02-01,14.2,4.608432118744499
1965-03-01,11.7,4.147062322487931
1965-04-01,6.8,3.03521661614333
1965-05-01,24.1,6.065100798439392
1965-06-01,15.9,4.894900176811363
1965-07-01,11.9,4.186012302569175
1965-08-01,8.9,3.554756518080658
1965-09-01,16.8,5.0391120116796
1965-10-01,20.1,5.531070847301719
1965-11-01,15.8,4.878575017754077
1965-12-01,17.0,5.070520118918722
1966-01-01,28.2,6.558421848064155
1966-02-01,24.4,6.102880092952832
1966-03-01,25.3,6.214527960288454
1966-04-01,48.7,8.520952044403186
1966-05-01,45.3,8.237372181121422
1966-06-01,47.7,8.43887402940233
1966-07-01,56.7,9.142309402745271
1966-08-01,51.2,8.72161354123796
1966-09-01,50.2,8.642105211868875
1966-10-01,57.2,9.179255709377854
1966-11-01,57.2,9.179255709377854
1966-12-01,70.4,10.088813361002021
1967-01-01,110.9,12.338367372925294
1967-02-01,93.6,11.45485306227991
1967-03-01,111.8,12.381851824564896
1967-04-01,69.5,10.03040998145501
1967-05-01,86.5,11.062162968220276
1967-06-01,67.3,9.885602736278955
1967-07-01,91.5,11.340734755457659
1967-08-01,107.2,12.15720074476572
1967-09-01,76.8,10.491096506192621
1967-10-01,88.2,11.157997305393884
1967-11-01,94.3,11.492530867260879
1967-12-01,126.4,13.058144149587921
1968-01-01,121.8,12.850693257419813
1968-02-01,111.9,12.386669668374418
1968-03-01,92.2,11.378957228452979
1968-04-01,81.2,10.755486263604908
1968-05-01,127.2,13.093729507495315
1968-06-01,110.3,12.309252910413699
1968-07-01,96.1,11.588608129156283
1968-08-01,109.3,12.260504151375317
1968-09-01,117.2,12.638193522388255
1968-10-01,107.7,12.18191269598458
1968-11-01,86.0,11.033749286550792
1968-12-01,109.8,12.284913823710317
1969-01-01,104.4,12.017441487809684
1969-02-01,120.5,12.7911643420073
1969-03-01,135.8,13.467576495825714
1969-04-01,106.8,12.137378368578636
1969-05-01,120.0,12.768159786863432
1969-06-01,106.0,12.097591555864081
1969-07-01,96.8,11.625662755687562
1969-08-01,98.0,11.688791003509092
1969-09-01,91.3,11.32977997321853
1969-10-01,95.7,11.567357042490032
1969-11-01,93.5,11.449455929461227
1969-12-01,97.9,11.683549133548603
1970-01-01,111.5,12.367381827016887
1970-02-01,127.8,13.12032511506604
1970-03-01,102.9,11.941588555283124
1970-04-01,109.5,12.270276524112996
1970-05-01,127.5,13.107037272656848
1970-06-01,106.8,12.137378368578636
1970-07-01,112.5,12.41551937832411
1970-08-01,93.0,11.422415142814641
1970-09-01,99.5,11.767014568280578
1970-10-01,86.6,11.067833192951905
1970-11-01,95.2,11.540713705087143
1970-12-01,83.5,10.890085885472212
1971-01-01,91.3,11.32977997321853
1971-02-01,79.0,10.624458004386463
1971-03-01,60.7,9.432346483869978
1971-04-01,71.8,10.17873133788868
1971-05-01,57.5,9.201325807036088
1971-06-01,49.8,8.610022880258242
1971-07-01,81.0,10.74366829316315
1971-08-01,61.4,9.481851389453263
1971-09-01,50.2,8.642105211868875
1971-10-01,51.7,8.761001480296885
1971-11-01,63.2,9.607534550411003
1971-12-01,82.2,10.814301007290558
1972-01-01,61.5,9.488894377917408
1972-02-01,88.4,11.169194635712648
1972-03-01,80.1,10.690257263728816
1972-04-01,63.2,9.607534550411003
1972-05-01,80.5,10.714042214805175
1972-06-01,88.0,11.14678385216469
1972-07-01,76.5,10.472724134141588
1972-08-01,76.8,10.491096506192621
1972-09-01,64.0,9.662668155617746
1972-10-01,61.3,9.47480115418008
1972-11-01,41.6,7.913145465094371
1972-12-01,45.3,8.237372181121422
1973-01-01,43.4,8.07304273877356
1973-02-01,42.9,8.029050638500737
1973-03-01,46.0,8.296822453346905
1973-04-01,57.7,9.215998883551324
1973-05-01,42.4,7.984735814002012
1973-06-01,39.5,7.721019530844718
1973-07-01,23.1,5.937035993673021
1973-08-01,25.6,6.251198188877086
1973-09-01,59.3,9.332244587888262
1973-10-01,30.7,6.837682276590233
1973-11-01,23.9,6.039753349364074
1973-12-01,23.3,5.9629180344434
1974-01-01,27.6,6.489133418262547
1974-02-01,26.0,6.299681296472563
1974-03-01,21.3,5.69764062571524
1974-04-01,40.3,7.7949476470125045
1974-05-01,39.5,7.721019530844718
1974-06-01,36.0,7.3860651954829635
1974-07-01,55.8,9.075284863906585
1974-08-01,33.6,7.14444844753118
1974-09-01,40.2,7.785757178236642
1974-10-01,47.1,8.389106958036672
1974-11-01,25.0,6.177588309755908
1974-12-01,20.5,5.587254323134613
1975-01-01,18.9,5.358305084173713
1975-02-01,11.5,4.107716698461708
1975-03-01,11.5,4.107716698461708
1975-04-01,5.1,2.5440019889105727
1975-05-01,9.0,3.577647853142121
1975-06-01,11.4,4.087892272575777
1975-07-01,28.2,6.558421848064155
1975-08-01,39.7,7.739588790827028
1975-09-01,13.9,4.55577332204404
1975-10-01,9.1,3.600392755273514
1975-11-01,19.4,5.431081756516382
1975-12-01,7.8,3.292539955020926
1976-01-01,8.1,3.3660474091118937
1976-02-01,4.3,2.2819422206931366
1976-03-01,21.9,5.778773277018357
1976-04-01,18.8,5.343609342976042
1976-05-01,12.4,4.281721090538477
1976-06-01,12.2,4.243717251193794
1976-07-01,1.9,1.2962647013148232
1976-08-01,16.4,4.975609669527265
1976-09-01,13.5,4.484492265008238
1976-10-01,20.6,5.601195204578693
1976-11-01,5.2,2.5751737941128146
1976-12-01,15.3,4.7959995852291675
1977-01-01,16.4,4.975609669527265
1977-02-01,23.1,5.937035993673021
1977-03-01,8.7,3.508524738142275
1977-04-01,12.9,4.375164659293523
1977-05-01,18.6,5.314074340872038
1977-06-01,38.5,7.627279413368284
1977-07-01,21.4,5.711259195222133
1977-08-01,30.1,6.771986590557237
1977-09-01,44.0,8.125415621680027
1977-10-01,43.8,8.108008058667677
1977-11-01,29.1,6.6606618657525285
1977-12-01,43.2,8.055484241094732
1978-01-01,51.9,8.776689502808088
1978-02-01,93.6,11.45485306227991
1978-03-01,76.5,10.472724134141588
1978-04-01,99.7,11.777387637798784
1978-05-01,82.7,10.843538357067365
1978-06-01,95.1,11.535374380171623
1978-07-01,70.4,10.088813361002021
1978-08-01,58.1,9.245249073385057
1978-09-01,138.2,13.569200692258725
1978-10-01,125.1,13.000010819803332
1978-11-01,97.9,11.683549133548603
1978-12-01,122.7,12.89166905776036
1979-01-01,166.6,14.694502759540566
1979-02-01,137.5,13.539677230247836
1979-03-01,138.0,13.560775158051696
1979-04-01,101.5,11.870155814105308
1979-05-01,134.4,13.407766470324725
1979-06-01,149.5,14.03315271926442
1979-07-01,159.4,14.421578340725526
1979-08-01,142.2,13.736104642897653
1979-09-01,188.4,15.477576103941406
1979-10-01,186.2,15.401264495425519
1979-11-01,183.3,15.29978741608908
1979-12-01,176.3,15.050546317281729
1980-01-01,159.6,14.429264606498833
1980-02-01,155.0,14.250901142621387
1980-03-01,126.2,13.0492254167148
1980-04-01,164.1,14.600605643939717
1980-05-01,179.9,15.179500711559301
1980-06-01,157.3,14.340498651802628
1980-07-01,136.3,13.48884199530537
1980-08-01,135.4,13.450528156129371
1980-09-01,155.0,14.250901142621387
1980-10-01,164.7,14.623223717264887
1980-11-01,147.9,13.968851105102566
1980-12-01,174.4,14.981808736184336
1981-01-01,114.0,12.487218035513706
1981-02-01,141.3,13.698814685194405
1981-03-01,135.5,13.454793245660738
1981-04-01,156.4,14.305538888603397
1981-05-01,127.5,13.107037272656848
1981-06-01,90.0,11.258199881771647
1981-07-01,143.8,13.802028276606146
1981-08-01,158.7,14.394627875108158
1981-09-01,167.3,14.720632705730877
1981-10-01,162.4,14.53623326090836
1981-11-01,137.5,13.539677230247836
1981-12-01,150.1,14.05715269855069
1982-01-01,111.2,12.352887046098314
1982-02-01,163.6,14.581716921719494
1982-03-01,153.8,14.203817792161773
1982-04-01,122.0,12.859815603154235
1982-05-01,82.2,10.814301007290558
1982-06-01,110.4,12.31411230333304
1982-07-01,106.1,12.102575324137185
1982-08-01,107.6,12.176976150413651
1982-09-01,118.8,12.712698837907801
1982-10-01,94.7,11.513981353039389
1982-11-01,98.1,11.694029476737876
1982-12-01,127.0,13.08484655805247
1983-01-01,84.3,10.936351464798324
1983-02-01,51.0,8.705790578935892
1983-03-01,66.5,9.832204011457186
1983-04-01,80.7,10.725906604516718
1983-05-01,99.2,11.751430096169894
1983-06-01,91.1,11.318809947457268
1983-07-01,82.2,10.814301007290558
1983-08-01,71.8,10.17873133788868
1983-09-01,50.3,8.650100645060672
1983-10-01,55.8,9.075284863906585
1983-11-01,33.3,7.113498091386816
1983-12-01,33.4,7.123834110018612
